{
    "Intl": {
        "Continent_afr": "Africa",
        "Continent_amc": "Central America",
        "Continent_amn": "North America",
        "Continent_ams": "South America",
        "Continent_ant": "Antarctica",
        "Continent_asi": "Asia",
        "Continent_eur": "Europe",
        "Continent_oce": "Oceania",
        "Country_AD": "Andorra",
        "Country_AE": "United Arab Emirates",
        "Country_AF": "Afghanistan",
        "Country_AG": "Antigua & Barbuda",
        "Country_AI": "Anguilla",
        "Country_AL": "Albania",
        "Country_AM": "Armenia",
        "Country_AO": "Angola",
        "Country_AQ": "Antarctica",
        "Country_AR": "Argentina",
        "Country_AS": "American Samoa",
        "Country_AT": "Austria",
        "Country_AU": "Australia",
        "Country_AW": "Aruba",
        "Country_AX": "Åland Islands",
        "Country_AZ": "Azerbaijan",
        "Country_BA": "Bosnia & Herzegovina",
        "Country_BB": "Barbados",
        "Country_BD": "Bangladesh",
        "Country_BE": "Belgium",
        "Country_BF": "Burkina Faso",
        "Country_BG": "Bulgaria",
        "Country_BH": "Bahrain",
        "Country_BI": "Burundi",
        "Country_BJ": "Benin",
        "Country_BL": "St. Barthélemy",
        "Country_BM": "Bermuda",
        "Country_BN": "Brunei",
        "Country_BO": "Bolivia",
        "Country_BQ": "Caribbean Netherlands",
        "Country_BR": "Brazil",
        "Country_BS": "Bahamas",
        "Country_BT": "Bhutan",
        "Country_BV": "Bouvet Island",
        "Country_BW": "Botswana",
        "Country_BY": "Belarus",
        "Country_BZ": "Belize",
        "Country_CA": "Canada",
        "Country_CC": "Cocos (Keeling) Islands",
        "Country_CD": "Congo - Kinshasa",
        "Country_CF": "Central African Republic",
        "Country_CG": "Congo - Brazzaville",
        "Country_CH": "Switzerland",
        "Country_CI": "Côte d’Ivoire",
        "Country_CK": "Cook Islands",
        "Country_CL": "Chile",
        "Country_CM": "Cameroon",
        "Country_CN": "China",
        "Country_CO": "Colombia",
        "Country_CR": "Costa Rica",
        "Country_CU": "Cuba",
        "Country_CV": "Cape Verde",
        "Country_CW": "Curaçao",
        "Country_CX": "Christmas Island",
        "Country_CY": "Cyprus",
        "Country_CZ": "Czechia",
        "Country_DE": "Germany",
        "Country_DJ": "Djibouti",
        "Country_DK": "Denmark",
        "Country_DM": "Dominica",
        "Country_DO": "Dominican Republic",
        "Country_DZ": "Algeria",
        "Country_EC": "Ecuador",
        "Country_EE": "Estonia",
        "Country_EG": "Egypt",
        "Country_EH": "Western Sahara",
        "Country_ER": "Eritrea",
        "Country_ES": "Spain",
        "Country_ET": "Ethiopia",
        "Country_FI": "Finland",
        "Country_FJ": "Fiji",
        "Country_FK": "Falkland Islands",
        "Country_FM": "Micronesia",
        "Country_FO": "Faroe Islands",
        "Country_FR": "France",
        "Country_GA": "Gabon",
        "Country_GB": "United Kingdom",
        "Country_GD": "Grenada",
        "Country_GE": "Georgia",
        "Country_GF": "French Guiana",
        "Country_GG": "Guernsey",
        "Country_GH": "Ghana",
        "Country_GI": "Gibraltar",
        "Country_GL": "Greenland",
        "Country_GM": "Gambia",
        "Country_GN": "Guinea",
        "Country_GP": "Guadeloupe",
        "Country_GQ": "Equatorial Guinea",
        "Country_GR": "Greece",
        "Country_GS": "South Georgia & South Sandwich Islands",
        "Country_GT": "Guatemala",
        "Country_GU": "Guam",
        "Country_GW": "Guinea-Bissau",
        "Country_GY": "Guyana",
        "Country_HK": "Hong Kong SAR China",
        "Country_HM": "Heard & McDonald Islands",
        "Country_HN": "Honduras",
        "Country_HR": "Croatia",
        "Country_HT": "Haiti",
        "Country_HU": "Hungary",
        "Country_ID": "Indonesia",
        "Country_IE": "Ireland",
        "Country_IL": "Israel",
        "Country_IM": "Isle of Man",
        "Country_IN": "India",
        "Country_IO": "British Indian Ocean Territory",
        "Country_IQ": "Iraq",
        "Country_IR": "Iran",
        "Country_IS": "Iceland",
        "Country_IT": "Italy",
        "Country_JE": "Jersey",
        "Country_JM": "Jamaica",
        "Country_JO": "Jordan",
        "Country_JP": "Japan",
        "Country_KE": "Kenya",
        "Country_KG": "Kyrgyzstan",
        "Country_KH": "Cambodia",
        "Country_KI": "Kiribati",
        "Country_KM": "Comoros",
        "Country_KN": "St. Kitts & Nevis",
        "Country_KP": "North Korea",
        "Country_KR": "South Korea",
        "Country_KW": "Kuwait",
        "Country_KY": "Cayman Islands",
        "Country_KZ": "Kazakhstan",
        "Country_LA": "Laos",
        "Country_LB": "Lebanon",
        "Country_LC": "St. Lucia",
        "Country_LI": "Liechtenstein",
        "Country_LK": "Sri Lanka",
        "Country_LR": "Liberia",
        "Country_LS": "Lesotho",
        "Country_LT": "Lithuania",
        "Country_LU": "Luxembourg",
        "Country_LV": "Latvia",
        "Country_LY": "Libya",
        "Country_MA": "Morocco",
        "Country_MC": "Monaco",
        "Country_MD": "Moldova",
        "Country_ME": "Montenegro",
        "Country_MF": "St. Martin",
        "Country_MG": "Madagascar",
        "Country_MH": "Marshall Islands",
        "Country_MK": "North Macedonia",
        "Country_ML": "Mali",
        "Country_MM": "Myanmar (Burma)",
        "Country_MN": "Mongolia",
        "Country_MO": "Macao SAR China",
        "Country_MP": "Northern Mariana Islands",
        "Country_MQ": "Martinique",
        "Country_MR": "Mauritania",
        "Country_MS": "Montserrat",
        "Country_MT": "Malta",
        "Country_MU": "Mauritius",
        "Country_MV": "Maldives",
        "Country_MW": "Malawi",
        "Country_MX": "Mexico",
        "Country_MY": "Malaysia",
        "Country_MZ": "Mozambique",
        "Country_NA": "Namibia",
        "Country_NC": "New Caledonia",
        "Country_NE": "Niger",
        "Country_NF": "Norfolk Island",
        "Country_NG": "Nigeria",
        "Country_NI": "Nicaragua",
        "Country_NL": "Netherlands",
        "Country_NO": "Norway",
        "Country_NP": "Nepal",
        "Country_NR": "Nauru",
        "Country_NU": "Niue",
        "Country_NZ": "New Zealand",
        "Country_OM": "Oman",
        "Country_PA": "Panama",
        "Country_PE": "Peru",
        "Country_PF": "French Polynesia",
        "Country_PG": "Papua New Guinea",
        "Country_PH": "Philippines",
        "Country_PK": "Pakistan",
        "Country_PL": "Poland",
        "Country_PM": "St. Pierre & Miquelon",
        "Country_PN": "Pitcairn Islands",
        "Country_PR": "Puerto Rico",
        "Country_PS": "Palestinian Territories",
        "Country_PT": "Portugal",
        "Country_PW": "Palau",
        "Country_PY": "Paraguay",
        "Country_QA": "Qatar",
        "Country_RE": "Réunion",
        "Country_RO": "Romania",
        "Country_RS": "Serbia",
        "Country_RU": "Russia",
        "Country_RW": "Rwanda",
        "Country_SA": "Saudi Arabia",
        "Country_SB": "Solomon Islands",
        "Country_SC": "Seychelles",
        "Country_SD": "Sudan",
        "Country_SE": "Sweden",
        "Country_SG": "Singapore",
        "Country_SH": "St. Helena",
        "Country_SI": "Slovenia",
        "Country_SJ": "Svalbard & Jan Mayen",
        "Country_SK": "Slovakia",
        "Country_SL": "Sierra Leone",
        "Country_SM": "San Marino",
        "Country_SN": "Senegal",
        "Country_SO": "Somalia",
        "Country_SR": "Suriname",
        "Country_SS": "South Sudan",
        "Country_ST": "São Tomé & Príncipe",
        "Country_SV": "El Salvador",
        "Country_SX": "Sint Maarten",
        "Country_SY": "Syria",
        "Country_SZ": "Eswatini",
        "Country_TC": "Turks & Caicos Islands",
        "Country_TD": "Chad",
        "Country_TF": "French Southern Territories",
        "Country_TG": "Togo",
        "Country_TH": "Thailand",
        "Country_TJ": "Tajikistan",
        "Country_TK": "Tokelau",
        "Country_TL": "Timor-Leste",
        "Country_TM": "Turkmenistan",
        "Country_TN": "Tunisia",
        "Country_TO": "Tonga",
        "Country_TR": "Turkey",
        "Country_TT": "Trinidad & Tobago",
        "Country_TV": "Tuvalu",
        "Country_TW": "Taiwan",
        "Country_TZ": "Tanzania",
        "Country_UA": "Ukraine",
        "Country_UG": "Uganda",
        "Country_UM": "U.S. Outlying Islands",
        "Country_US": "United States",
        "Country_UY": "Uruguay",
        "Country_UZ": "Uzbekistan",
        "Country_VA": "Vatican City",
        "Country_VC": "St. Vincent & Grenadines",
        "Country_VE": "Venezuela",
        "Country_VG": "British Virgin Islands",
        "Country_VI": "U.S. Virgin Islands",
        "Country_VN": "Vietnam",
        "Country_VU": "Vanuatu",
        "Country_WF": "Wallis & Futuna",
        "Country_WS": "Samoa",
        "Country_YE": "Yemen",
        "Country_YT": "Mayotte",
        "Country_ZA": "South Africa",
        "Country_ZM": "Zambia",
        "Country_ZW": "Zimbabwe",
        "CurrencySymbol_AED": "AED",
        "CurrencySymbol_AFN": "AFN",
        "CurrencySymbol_ALL": "ALL",
        "CurrencySymbol_AMD": "AMD",
        "CurrencySymbol_ANG": "ANG",
        "CurrencySymbol_AOA": "AOA",
        "CurrencySymbol_ARS": "ARS",
        "CurrencySymbol_AUD": "A$",
        "CurrencySymbol_AWG": "AWG",
        "CurrencySymbol_AZN": "AZN",
        "CurrencySymbol_BAM": "BAM",
        "CurrencySymbol_BBD": "BBD",
        "CurrencySymbol_BDT": "BDT",
        "CurrencySymbol_BGN": "BGN",
        "CurrencySymbol_BHD": "BHD",
        "CurrencySymbol_BIF": "BIF",
        "CurrencySymbol_BMD": "BMD",
        "CurrencySymbol_BND": "BND",
        "CurrencySymbol_BOB": "BOB",
        "CurrencySymbol_BRL": "R$",
        "CurrencySymbol_BSD": "BSD",
        "CurrencySymbol_BTC": "BTC",
        "CurrencySymbol_BTN": "BTN",
        "CurrencySymbol_BWP": "BWP",
        "CurrencySymbol_BYN": "BYN",
        "CurrencySymbol_BZD": "BZD",
        "CurrencySymbol_CAD": "CA$",
        "CurrencySymbol_CDF": "CDF",
        "CurrencySymbol_CHF": "CHF",
        "CurrencySymbol_CLP": "CLP",
        "CurrencySymbol_CNY": "CN¥",
        "CurrencySymbol_COP": "COP",
        "CurrencySymbol_CRC": "CRC",
        "CurrencySymbol_CUC": "CUC",
        "CurrencySymbol_CUP": "CUP",
        "CurrencySymbol_CVE": "CVE",
        "CurrencySymbol_CZK": "CZK",
        "CurrencySymbol_DJF": "DJF",
        "CurrencySymbol_DKK": "DKK",
        "CurrencySymbol_DOP": "DOP",
        "CurrencySymbol_DZD": "DZD",
        "CurrencySymbol_EGP": "EGP",
        "CurrencySymbol_ERN": "ERN",
        "CurrencySymbol_ETB": "ETB",
        "CurrencySymbol_EUR": "€",
        "CurrencySymbol_FJD": "FJD",
        "CurrencySymbol_FKP": "FKP",
        "CurrencySymbol_GBP": "£",
        "CurrencySymbol_GEL": "GEL",
        "CurrencySymbol_GHS": "GHS",
        "CurrencySymbol_GIP": "GIP",
        "CurrencySymbol_GMD": "GMD",
        "CurrencySymbol_GNF": "GNF",
        "CurrencySymbol_GTQ": "GTQ",
        "CurrencySymbol_GYD": "GYD",
        "CurrencySymbol_HKD": "HK$",
        "CurrencySymbol_HNL": "HNL",
        "CurrencySymbol_HRK": "HRK",
        "CurrencySymbol_HTG": "HTG",
        "CurrencySymbol_HUF": "HUF",
        "CurrencySymbol_IDR": "IDR",
        "CurrencySymbol_ILS": "₪",
        "CurrencySymbol_INR": "₹",
        "CurrencySymbol_IQD": "IQD",
        "CurrencySymbol_IRR": "IRR",
        "CurrencySymbol_ISK": "ISK",
        "CurrencySymbol_JMD": "JMD",
        "CurrencySymbol_JOD": "JOD",
        "CurrencySymbol_JPY": "¥",
        "CurrencySymbol_KES": "KES",
        "CurrencySymbol_KGS": "KGS",
        "CurrencySymbol_KHR": "KHR",
        "CurrencySymbol_KMF": "KMF",
        "CurrencySymbol_KPW": "KPW",
        "CurrencySymbol_KRW": "₩",
        "CurrencySymbol_KWD": "KWD",
        "CurrencySymbol_KYD": "KYD",
        "CurrencySymbol_KZT": "KZT",
        "CurrencySymbol_LAK": "LAK",
        "CurrencySymbol_LBP": "LBP",
        "CurrencySymbol_LKR": "LKR",
        "CurrencySymbol_LRD": "LRD",
        "CurrencySymbol_LSL": "LSL",
        "CurrencySymbol_LYD": "LYD",
        "CurrencySymbol_MAD": "MAD",
        "CurrencySymbol_MDL": "MDL",
        "CurrencySymbol_MGA": "MGA",
        "CurrencySymbol_MKD": "MKD",
        "CurrencySymbol_MMK": "MMK",
        "CurrencySymbol_MNT": "MNT",
        "CurrencySymbol_MOP": "MOP",
        "CurrencySymbol_MRU": "MRU",
        "CurrencySymbol_MUR": "MUR",
        "CurrencySymbol_MVR": "MVR",
        "CurrencySymbol_MWK": "MWK",
        "CurrencySymbol_MXN": "MX$",
        "CurrencySymbol_MYR": "MYR",
        "CurrencySymbol_MZN": "MZN",
        "CurrencySymbol_NAD": "NAD",
        "CurrencySymbol_NGN": "NGN",
        "CurrencySymbol_NIO": "NIO",
        "CurrencySymbol_NOK": "NOK",
        "CurrencySymbol_NPR": "NPR",
        "CurrencySymbol_NZD": "NZ$",
        "CurrencySymbol_OMR": "OMR",
        "CurrencySymbol_PAB": "PAB",
        "CurrencySymbol_PEN": "PEN",
        "CurrencySymbol_PGK": "PGK",
        "CurrencySymbol_PHP": "₱",
        "CurrencySymbol_PKR": "PKR",
        "CurrencySymbol_PLN": "PLN",
        "CurrencySymbol_PYG": "PYG",
        "CurrencySymbol_QAR": "QAR",
        "CurrencySymbol_RON": "RON",
        "CurrencySymbol_RSD": "RSD",
        "CurrencySymbol_RUB": "RUB",
        "CurrencySymbol_RWF": "RWF",
        "CurrencySymbol_SAR": "SAR",
        "CurrencySymbol_SBD": "SBD",
        "CurrencySymbol_SCR": "SCR",
        "CurrencySymbol_SDG": "SDG",
        "CurrencySymbol_SEK": "SEK",
        "CurrencySymbol_SGD": "SGD",
        "CurrencySymbol_SHP": "SHP",
        "CurrencySymbol_SLL": "SLL",
        "CurrencySymbol_SOS": "SOS",
        "CurrencySymbol_SRD": "SRD",
        "CurrencySymbol_SSP": "SSP",
        "CurrencySymbol_STN": "STN",
        "CurrencySymbol_SYP": "SYP",
        "CurrencySymbol_SZL": "SZL",
        "CurrencySymbol_THB": "THB",
        "CurrencySymbol_TJS": "TJS",
        "CurrencySymbol_TMT": "TMT",
        "CurrencySymbol_TND": "TND",
        "CurrencySymbol_TOP": "TOP",
        "CurrencySymbol_TRY": "TRY",
        "CurrencySymbol_TTD": "TTD",
        "CurrencySymbol_TWD": "NT$",
        "CurrencySymbol_TZS": "TZS",
        "CurrencySymbol_UAH": "UAH",
        "CurrencySymbol_UGX": "UGX",
        "CurrencySymbol_USD": "$",
        "CurrencySymbol_UYU": "UYU",
        "CurrencySymbol_UZS": "UZS",
        "CurrencySymbol_VES": "VES",
        "CurrencySymbol_VND": "₫",
        "CurrencySymbol_VUV": "VUV",
        "CurrencySymbol_WST": "WST",
        "CurrencySymbol_XAF": "FCFA",
        "CurrencySymbol_XCD": "EC$",
        "CurrencySymbol_XOF": "F CFA",
        "CurrencySymbol_XPF": "CFPF",
        "CurrencySymbol_YER": "YER",
        "CurrencySymbol_ZAR": "ZAR",
        "CurrencySymbol_ZMW": "ZMW",
        "Currency_AED": "United Arab Emirates Dirham",
        "Currency_AFN": "Afghan Afghani",
        "Currency_ALL": "Albanian Lek",
        "Currency_AMD": "Armenian Dram",
        "Currency_ANG": "Netherlands Antillean Guilder",
        "Currency_AOA": "Angolan Kwanza",
        "Currency_ARS": "Argentine Peso",
        "Currency_AUD": "Australian Dollar",
        "Currency_AWG": "Aruban Florin",
        "Currency_AZN": "Azerbaijani Manat",
        "Currency_BAM": "Bosnia-Herzegovina Convertible Mark",
        "Currency_BBD": "Barbadian Dollar",
        "Currency_BDT": "Bangladeshi Taka",
        "Currency_BGN": "Bulgarian Lev",
        "Currency_BHD": "Bahraini Dinar",
        "Currency_BIF": "Burundian Franc",
        "Currency_BMD": "Bermudan Dollar",
        "Currency_BND": "Brunei Dollar",
        "Currency_BOB": "Bolivian Boliviano",
        "Currency_BRL": "Brazilian Real",
        "Currency_BSD": "Bahamian Dollar",
        "Currency_BTC": "Bitcoin",
        "Currency_BTN": "Bhutanese Ngultrum",
        "Currency_BWP": "Botswanan Pula",
        "Currency_BYN": "Belarusian Ruble",
        "Currency_BZD": "Belize Dollar",
        "Currency_CAD": "Canadian Dollar",
        "Currency_CDF": "Congolese Franc",
        "Currency_CHF": "Swiss Franc",
        "Currency_CLP": "Chilean Peso",
        "Currency_CNY": "Chinese Yuan",
        "Currency_COP": "Colombian Peso",
        "Currency_CRC": "Costa Rican Colón",
        "Currency_CUC": "Cuban Convertible Peso",
        "Currency_CUP": "Cuban Peso",
        "Currency_CVE": "Cape Verdean Escudo",
        "Currency_CZK": "Czech Koruna",
        "Currency_DJF": "Djiboutian Franc",
        "Currency_DKK": "Danish Krone",
        "Currency_DOP": "Dominican Peso",
        "Currency_DZD": "Algerian Dinar",
        "Currency_EGP": "Egyptian Pound",
        "Currency_ERN": "Eritrean Nakfa",
        "Currency_ETB": "Ethiopian Birr",
        "Currency_EUR": "Euro",
        "Currency_FJD": "Fijian Dollar",
        "Currency_FKP": "Falkland Islands Pound",
        "Currency_GBP": "British Pound",
        "Currency_GEL": "Georgian Lari",
        "Currency_GHS": "Ghanaian Cedi",
        "Currency_GIP": "Gibraltar Pound",
        "Currency_GMD": "Gambian Dalasi",
        "Currency_GNF": "Guinean Franc",
        "Currency_GTQ": "Guatemalan Quetzal",
        "Currency_GYD": "Guyanaese Dollar",
        "Currency_HKD": "Hong Kong Dollar",
        "Currency_HNL": "Honduran Lempira",
        "Currency_HRK": "Croatian Kuna",
        "Currency_HTG": "Haitian Gourde",
        "Currency_HUF": "Hungarian Forint",
        "Currency_IDR": "Indonesian Rupiah",
        "Currency_ILS": "Israeli New Shekel",
        "Currency_INR": "Indian Rupee",
        "Currency_IQD": "Iraqi Dinar",
        "Currency_IRR": "Iranian Rial",
        "Currency_ISK": "Icelandic Króna",
        "Currency_JMD": "Jamaican Dollar",
        "Currency_JOD": "Jordanian Dinar",
        "Currency_JPY": "Japanese Yen",
        "Currency_KES": "Kenyan Shilling",
        "Currency_KGS": "Kyrgystani Som",
        "Currency_KHR": "Cambodian Riel",
        "Currency_KMF": "Comorian Franc",
        "Currency_KPW": "North Korean Won",
        "Currency_KRW": "South Korean Won",
        "Currency_KWD": "Kuwaiti Dinar",
        "Currency_KYD": "Cayman Islands Dollar",
        "Currency_KZT": "Kazakhstani Tenge",
        "Currency_LAK": "Laotian Kip",
        "Currency_LBP": "Lebanese Pound",
        "Currency_LKR": "Sri Lankan Rupee",
        "Currency_LRD": "Liberian Dollar",
        "Currency_LSL": "Lesotho Loti",
        "Currency_LYD": "Libyan Dinar",
        "Currency_MAD": "Moroccan Dirham",
        "Currency_MDL": "Moldovan Leu",
        "Currency_MGA": "Malagasy Ariary",
        "Currency_MKD": "Macedonian Denar",
        "Currency_MMK": "Myanmar Kyat",
        "Currency_MNT": "Mongolian Tugrik",
        "Currency_MOP": "Macanese Pataca",
        "Currency_MRU": "Mauritanian Ouguiya",
        "Currency_MUR": "Mauritian Rupee",
        "Currency_MVR": "Maldivian Rufiyaa",
        "Currency_MWK": "Malawian Kwacha",
        "Currency_MXN": "Mexican Peso",
        "Currency_MYR": "Malaysian Ringgit",
        "Currency_MZN": "Mozambican Metical",
        "Currency_NAD": "Namibian Dollar",
        "Currency_NGN": "Nigerian Naira",
        "Currency_NIO": "Nicaraguan Córdoba",
        "Currency_NOK": "Norwegian Krone",
        "Currency_NPR": "Nepalese Rupee",
        "Currency_NZD": "New Zealand Dollar",
        "Currency_OMR": "Omani Rial",
        "Currency_PAB": "Panamanian Balboa",
        "Currency_PEN": "Peruvian Sol",
        "Currency_PGK": "Papua New Guinean Kina",
        "Currency_PHP": "Philippine Piso",
        "Currency_PKR": "Pakistani Rupee",
        "Currency_PLN": "Polish Zloty",
        "Currency_PYG": "Paraguayan Guarani",
        "Currency_QAR": "Qatari Rial",
        "Currency_RON": "Romanian Leu",
        "Currency_RSD": "Serbian Dinar",
        "Currency_RUB": "Russian Ruble",
        "Currency_RWF": "Rwandan Franc",
        "Currency_SAR": "Saudi Riyal",
        "Currency_SBD": "Solomon Islands Dollar",
        "Currency_SCR": "Seychellois Rupee",
        "Currency_SDG": "Sudanese Pound",
        "Currency_SEK": "Swedish Krona",
        "Currency_SGD": "Singapore Dollar",
        "Currency_SHP": "St. Helena Pound",
        "Currency_SLL": "Sierra Leonean Leone",
        "Currency_SOS": "Somali Shilling",
        "Currency_SRD": "Surinamese Dollar",
        "Currency_SSP": "South Sudanese Pound",
        "Currency_STN": "São Tomé & Príncipe Dobra",
        "Currency_SYP": "Syrian Pound",
        "Currency_SZL": "Swazi Lilangeni",
        "Currency_THB": "Thai Baht",
        "Currency_TJS": "Tajikistani Somoni",
        "Currency_TMT": "Turkmenistani Manat",
        "Currency_TND": "Tunisian Dinar",
        "Currency_TOP": "Tongan Paʻanga",
        "Currency_TRY": "Turkish Lira",
        "Currency_TTD": "Trinidad & Tobago Dollar",
        "Currency_TWD": "New Taiwan Dollar",
        "Currency_TZS": "Tanzanian Shilling",
        "Currency_UAH": "Ukrainian Hryvnia",
        "Currency_UGX": "Ugandan Shilling",
        "Currency_USD": "US Dollar",
        "Currency_UYU": "Uruguayan Peso",
        "Currency_UZS": "Uzbekistani Som",
        "Currency_VES": "Venezuelan Bolívar",
        "Currency_VND": "Vietnamese Dong",
        "Currency_VUV": "Vanuatu Vatu",
        "Currency_WST": "Samoan Tala",
        "Currency_XAF": "Central African CFA Franc",
        "Currency_XCD": "East Caribbean Dollar",
        "Currency_XOF": "West African CFA Franc",
        "Currency_XPF": "CFP Franc",
        "Currency_YER": "Yemeni Rial",
        "Currency_ZAR": "South African Rand",
        "Currency_ZMW": "Zambian Kwacha",
        "Day_Long_1": "Monday",
        "Day_Long_2": "Tuesday",
        "Day_Long_3": "Wednesday",
        "Day_Long_4": "Thursday",
        "Day_Long_5": "Friday",
        "Day_Long_6": "Saturday",
        "Day_Long_7": "Sunday",
        "Day_Long_StandAlone_1": "Monday",
        "Day_Long_StandAlone_2": "Tuesday",
        "Day_Long_StandAlone_3": "Wednesday",
        "Day_Long_StandAlone_4": "Thursday",
        "Day_Long_StandAlone_5": "Friday",
        "Day_Long_StandAlone_6": "Saturday",
        "Day_Long_StandAlone_7": "Sunday",
        "Day_Min_1": "Mo",
        "Day_Min_2": "Tu",
        "Day_Min_3": "We",
        "Day_Min_4": "Th",
        "Day_Min_5": "Fr",
        "Day_Min_6": "Sa",
        "Day_Min_7": "Su",
        "Day_Min_StandAlone_1": "Mo",
        "Day_Min_StandAlone_2": "Tu",
        "Day_Min_StandAlone_3": "We",
        "Day_Min_StandAlone_4": "Th",
        "Day_Min_StandAlone_5": "Fr",
        "Day_Min_StandAlone_6": "Sa",
        "Day_Min_StandAlone_7": "Su",
        "Day_Short_1": "Mon",
        "Day_Short_2": "Tue",
        "Day_Short_3": "Wed",
        "Day_Short_4": "Thu",
        "Day_Short_5": "Fri",
        "Day_Short_6": "Sat",
        "Day_Short_7": "Sun",
        "Day_Short_StandAlone_1": "Mon",
        "Day_Short_StandAlone_2": "Tue",
        "Day_Short_StandAlone_3": "Wed",
        "Day_Short_StandAlone_4": "Thu",
        "Day_Short_StandAlone_5": "Fri",
        "Day_Short_StandAlone_6": "Sat",
        "Day_Short_StandAlone_7": "Sun",
        "EnglishLanguageName": "English",
        "Format_DateTime_Long": "EEEE, MMMM d, y {time}",
        "Format_DateTime_Short": "MMM d, y {time}",
        "Format_Date_Day_Month": "E, MMM d",
        "Format_Date_Long": "EEEE, MMMM d, y",
        "Format_Date_Short": "MMM d, y",
        "Format_Hour_12": "h a",
        "Format_Hour_24": "HH",
        "Format_Interval_Long_D": "MMMM d – d, y",
        "Format_Interval_Long_M": "MMMM d – MMMM d, y",
        "Format_Interval_Long_Y": "MMMM d, y – MMMM d, y",
        "Format_Interval_Short_D": "MMM d – d, y",
        "Format_Interval_Short_M": "MMM d – MMM d, y",
        "Format_Interval_Short_Y": "MMM d, y – MMM d, y",
        "Format_Month_Long": "MMMM y",
        "Format_Month_Short": "MMM y",
        "Format_Time": "{time}",
        "Format_Time_12": "h:mm:ss a",
        "Format_Time_24": "HH:mm:ss",
        "Format_Year": "y",
        "Hours": "hours",
        "Language_aa": "Afar",
        "Language_ab": "Abkhazian",
        "Language_ae": "Avestan",
        "Language_af": "Afrikaans",
        "Language_ak": "Akan",
        "Language_am": "Amharic",
        "Language_an": "Aragonese",
        "Language_ar": "Arabic",
        "Language_as": "Assamese",
        "Language_av": "Avaric",
        "Language_ay": "Aymara",
        "Language_az": "Azerbaijani",
        "Language_ba": "Bashkir",
        "Language_be": "Belarusian",
        "Language_bg": "Bulgarian",
        "Language_bi": "Bislama",
        "Language_bm": "Bambara",
        "Language_bn": "Bangla",
        "Language_bo": "Tibetan",
        "Language_br": "Breton",
        "Language_bs": "Bosnian",
        "Language_ca": "Catalan",
        "Language_ce": "Chechen",
        "Language_ch": "Chamorro",
        "Language_co": "Corsican",
        "Language_cr": "Cree",
        "Language_cs": "Czech",
        "Language_cu": "Church Slavic",
        "Language_cv": "Chuvash",
        "Language_cy": "Welsh",
        "Language_da": "Danish",
        "Language_de": "German",
        "Language_dv": "Divehi",
        "Language_dz": "Dzongkha",
        "Language_ee": "Ewe",
        "Language_el": "Greek",
        "Language_en": "English",
        "Language_eo": "Esperanto",
        "Language_es": "Spanish",
        "Language_et": "Estonian",
        "Language_eu": "Basque",
        "Language_fa": "Persian",
        "Language_ff": "Fulah",
        "Language_fi": "Finnish",
        "Language_fj": "Fijian",
        "Language_fo": "Faroese",
        "Language_fr": "French",
        "Language_fy": "Western Frisian",
        "Language_ga": "Irish",
        "Language_gd": "Scottish Gaelic",
        "Language_gl": "Galician",
        "Language_gn": "Guarani",
        "Language_gu": "Gujarati",
        "Language_gv": "Manx",
        "Language_ha": "Hausa",
        "Language_he": "Hebrew",
        "Language_hi": "Hindi",
        "Language_ho": "Hiri Motu",
        "Language_hr": "Croatian",
        "Language_ht": "Haitian Creole",
        "Language_hu": "Hungarian",
        "Language_hy": "Armenian",
        "Language_hz": "Herero",
        "Language_ia": "Interlingua",
        "Language_id": "Indonesian",
        "Language_ie": "Interlingue",
        "Language_ig": "Igbo",
        "Language_ii": "Sichuan Yi",
        "Language_ik": "Inupiaq",
        "Language_io": "Ido",
        "Language_is": "Icelandic",
        "Language_it": "Italian",
        "Language_iu": "Inuktitut",
        "Language_ja": "Japanese",
        "Language_jv": "Javanese",
        "Language_ka": "Georgian",
        "Language_kg": "Kongo",
        "Language_ki": "Kikuyu",
        "Language_kj": "Kuanyama",
        "Language_kk": "Kazakh",
        "Language_kl": "Kalaallisut",
        "Language_km": "Khmer",
        "Language_kn": "Kannada",
        "Language_ko": "Korean",
        "Language_kr": "Kanuri",
        "Language_ks": "Kashmiri",
        "Language_ku": "Kurdish",
        "Language_kv": "Komi",
        "Language_kw": "Cornish",
        "Language_ky": "Kyrgyz",
        "Language_la": "Latin",
        "Language_lb": "Luxembourgish",
        "Language_lg": "Ganda",
        "Language_li": "Limburgish",
        "Language_ln": "Lingala",
        "Language_lo": "Lao",
        "Language_lt": "Lithuanian",
        "Language_lu": "Luba-Katanga",
        "Language_lv": "Latvian",
        "Language_mg": "Malagasy",
        "Language_mh": "Marshallese",
        "Language_mi": "Maori",
        "Language_mk": "Macedonian",
        "Language_ml": "Malayalam",
        "Language_mn": "Mongolian",
        "Language_mr": "Marathi",
        "Language_ms": "Malay",
        "Language_mt": "Maltese",
        "Language_my": "Burmese",
        "Language_na": "Nauru",
        "Language_nb": "Norwegian Bokmål",
        "Language_nd": "North Ndebele",
        "Language_ne": "Nepali",
        "Language_ng": "Ndonga",
        "Language_nl": "Dutch",
        "Language_nn": "Norwegian Nynorsk",
        "Language_no": "Norwegian",
        "Language_nr": "South Ndebele",
        "Language_nv": "Navajo",
        "Language_ny": "Nyanja",
        "Language_oc": "Occitan",
        "Language_oj": "Ojibwa",
        "Language_om": "Oromo",
        "Language_or": "Odia",
        "Language_os": "Ossetic",
        "Language_pa": "Punjabi",
        "Language_pi": "Pali",
        "Language_pl": "Polish",
        "Language_ps": "Pashto",
        "Language_pt": "Portuguese",
        "Language_qu": "Quechua",
        "Language_rm": "Romansh",
        "Language_rn": "Rundi",
        "Language_ro": "Romanian",
        "Language_ru": "Russian",
        "Language_rw": "Kinyarwanda",
        "Language_sa": "Sanskrit",
        "Language_sc": "Sardinian",
        "Language_sd": "Sindhi",
        "Language_se": "Northern Sami",
        "Language_sg": "Sango",
        "Language_si": "Sinhala",
        "Language_sk": "Slovak",
        "Language_sl": "Slovenian",
        "Language_sm": "Samoan",
        "Language_sn": "Shona",
        "Language_so": "Somali",
        "Language_sq": "Albanian",
        "Language_sr": "Serbian",
        "Language_ss": "Swati",
        "Language_st": "Southern Sotho",
        "Language_su": "Sundanese",
        "Language_sv": "Swedish",
        "Language_sw": "Swahili",
        "Language_ta": "Tamil",
        "Language_te": "Telugu",
        "Language_tg": "Tajik",
        "Language_th": "Thai",
        "Language_ti": "Tigrinya",
        "Language_tk": "Turkmen",
        "Language_tl": "Tagalog",
        "Language_tn": "Tswana",
        "Language_to": "Tongan",
        "Language_tr": "Turkish",
        "Language_ts": "Tsonga",
        "Language_tt": "Tatar",
        "Language_tw": "Twi",
        "Language_ty": "Tahitian",
        "Language_ug": "Uyghur",
        "Language_uk": "Ukrainian",
        "Language_ur": "Urdu",
        "Language_uz": "Uzbek",
        "Language_ve": "Venda",
        "Language_vi": "Vietnamese",
        "Language_vo": "Volapük",
        "Language_wa": "Walloon",
        "Language_wo": "Wolof",
        "Language_xh": "Xhosa",
        "Language_yi": "Yiddish",
        "Language_yo": "Yoruba",
        "Language_za": "Zhuang",
        "Language_zh": "Chinese",
        "Language_zu": "Zulu",
        "LayoutDirection": "ltr",
        "Minutes": "minutes",
        "Month_Long_1": "January",
        "Month_Long_10": "October",
        "Month_Long_11": "November",
        "Month_Long_12": "December",
        "Month_Long_2": "February",
        "Month_Long_3": "March",
        "Month_Long_4": "April",
        "Month_Long_5": "May",
        "Month_Long_6": "June",
        "Month_Long_7": "July",
        "Month_Long_8": "August",
        "Month_Long_9": "September",
        "Month_Long_StandAlone_1": "January",
        "Month_Long_StandAlone_10": "October",
        "Month_Long_StandAlone_11": "November",
        "Month_Long_StandAlone_12": "December",
        "Month_Long_StandAlone_2": "February",
        "Month_Long_StandAlone_3": "March",
        "Month_Long_StandAlone_4": "April",
        "Month_Long_StandAlone_5": "May",
        "Month_Long_StandAlone_6": "June",
        "Month_Long_StandAlone_7": "July",
        "Month_Long_StandAlone_8": "August",
        "Month_Long_StandAlone_9": "September",
        "Month_Short_1": "Jan",
        "Month_Short_10": "Oct",
        "Month_Short_11": "Nov",
        "Month_Short_12": "Dec",
        "Month_Short_2": "Feb",
        "Month_Short_3": "Mar",
        "Month_Short_4": "Apr",
        "Month_Short_5": "May",
        "Month_Short_6": "Jun",
        "Month_Short_7": "Jul",
        "Month_Short_8": "Aug",
        "Month_Short_9": "Sep",
        "Month_Short_StandAlone_1": "Jan",
        "Month_Short_StandAlone_10": "Oct",
        "Month_Short_StandAlone_11": "Nov",
        "Month_Short_StandAlone_12": "Dec",
        "Month_Short_StandAlone_2": "Feb",
        "Month_Short_StandAlone_3": "Mar",
        "Month_Short_StandAlone_4": "Apr",
        "Month_Short_StandAlone_5": "May",
        "Month_Short_StandAlone_6": "Jun",
        "Month_Short_StandAlone_7": "Jul",
        "Month_Short_StandAlone_8": "Aug",
        "Month_Short_StandAlone_9": "Sep",
        "NDays": "%s days",
        "NHoursShort": "%sh",
        "NMinutes": "%s minutes",
        "NMinutesShort": "%s min",
        "NSeconds": "%s seconds",
        "NSecondsShort": "%ss",
        "NumberFormatCurrency": "¤#,##0.00",
        "NumberFormatNumber": "#,##0.###",
        "NumberFormatPercent": "#,##0%",
        "NumberSymbolDecimal": ".",
        "NumberSymbolGroup": ",",
        "NumberSymbolMinus": "-",
        "NumberSymbolPercent": "%",
        "NumberSymbolPlus": "+",
        "OneDay": "1 day",
        "OneMinute": "1 minute",
        "OneMinuteShort": "1 min",
        "OriginalLanguageName": "English",
        "PeriodDay": "day",
        "PeriodDays": "days",
        "PeriodMonth": "month",
        "PeriodMonths": "months",
        "PeriodWeek": "week",
        "PeriodWeeks": "weeks",
        "PeriodYear": "year",
        "PeriodYears": "years",
        "Seconds": "seconds",
        "Time_AM": "AM",
        "Time_PM": "PM",
        "Timezone_Africa_Asmera": "Asmara",
        "Timezone_Africa_Ceuta": "Ceuta",
        "Timezone_Africa_Kinshasa": "Kinshasa",
        "Timezone_Africa_Lubumbashi": "Lubumbashi",
        "Timezone_America_Adak": "Adak",
        "Timezone_America_Anchorage": "Anchorage",
        "Timezone_America_Araguaina": "Araguaina",
        "Timezone_America_Argentina_LaRioja": "La Rioja",
        "Timezone_America_Argentina_RioGallegos": "Rio Gallegos",
        "Timezone_America_Argentina_Salta": "Salta",
        "Timezone_America_Argentina_SanJuan": "San Juan",
        "Timezone_America_Argentina_SanLuis": "San Luis",
        "Timezone_America_Argentina_Tucuman": "Tucuman",
        "Timezone_America_Argentina_Ushuaia": "Ushuaia",
        "Timezone_America_Bahia": "Bahia",
        "Timezone_America_BahiaBanderas": "Bahia Banderas",
        "Timezone_America_Belem": "Belem",
        "Timezone_America_Blanc-Sablon": "Blanc-Sablon",
        "Timezone_America_BoaVista": "Boa Vista",
        "Timezone_America_Boise": "Boise",
        "Timezone_America_BuenosAires": "Buenos Aires",
        "Timezone_America_CambridgeBay": "Cambridge Bay",
        "Timezone_America_CampoGrande": "Campo Grande",
        "Timezone_America_Cancun": "Cancun",
        "Timezone_America_Catamarca": "Catamarca",
        "Timezone_America_Chicago": "Chicago",
        "Timezone_America_Chihuahua": "Chihuahua",
        "Timezone_America_CoralHarbour": "Atikokan",
        "Timezone_America_Cordoba": "Cordoba",
        "Timezone_America_Creston": "Creston",
        "Timezone_America_Cuiaba": "Cuiaba",
        "Timezone_America_Danmarkshavn": "Danmarkshavn",
        "Timezone_America_Dawson": "Dawson",
        "Timezone_America_DawsonCreek": "Dawson Creek",
        "Timezone_America_Denver": "Denver",
        "Timezone_America_Detroit": "Detroit",
        "Timezone_America_Edmonton": "Edmonton",
        "Timezone_America_Eirunepe": "Eirunepe",
        "Timezone_America_FortNelson": "Fort Nelson",
        "Timezone_America_Fortaleza": "Fortaleza",
        "Timezone_America_GlaceBay": "Glace Bay",
        "Timezone_America_Godthab": "Nuuk",
        "Timezone_America_GooseBay": "Goose Bay",
        "Timezone_America_Guayaquil": "Guayaquil",
        "Timezone_America_Halifax": "Halifax",
        "Timezone_America_Hermosillo": "Hermosillo",
        "Timezone_America_Indiana_Knox": "Knox, Indiana",
        "Timezone_America_Indiana_Marengo": "Marengo, Indiana",
        "Timezone_America_Indiana_Petersburg": "Petersburg, Indiana",
        "Timezone_America_Indiana_TellCity": "Tell City, Indiana",
        "Timezone_America_Indiana_Vevay": "Vevay, Indiana",
        "Timezone_America_Indiana_Vincennes": "Vincennes, Indiana",
        "Timezone_America_Indiana_Winamac": "Winamac, Indiana",
        "Timezone_America_Indianapolis": "Indianapolis",
        "Timezone_America_Inuvik": "Inuvik",
        "Timezone_America_Iqaluit": "Iqaluit",
        "Timezone_America_Jujuy": "Jujuy",
        "Timezone_America_Juneau": "Juneau",
        "Timezone_America_Kentucky_Monticello": "Monticello, Kentucky",
        "Timezone_America_LosAngeles": "Los Angeles",
        "Timezone_America_Louisville": "Louisville",
        "Timezone_America_Maceio": "Maceio",
        "Timezone_America_Manaus": "Manaus",
        "Timezone_America_Matamoros": "Matamoros",
        "Timezone_America_Mazatlan": "Mazatlan",
        "Timezone_America_Mendoza": "Mendoza",
        "Timezone_America_Menominee": "Menominee",
        "Timezone_America_Merida": "Merida",
        "Timezone_America_Metlakatla": "Metlakatla",
        "Timezone_America_MexicoCity": "Mexico City",
        "Timezone_America_Moncton": "Moncton",
        "Timezone_America_Monterrey": "Monterrey",
        "Timezone_America_NewYork": "New York",
        "Timezone_America_Nipigon": "Nipigon",
        "Timezone_America_Nome": "Nome",
        "Timezone_America_Noronha": "Noronha",
        "Timezone_America_NorthDakota_Beulah": "Beulah, North Dakota",
        "Timezone_America_NorthDakota_Center": "Center, North Dakota",
        "Timezone_America_NorthDakota_NewSalem": "New Salem, North Dakota",
        "Timezone_America_Ojinaga": "Ojinaga",
        "Timezone_America_Pangnirtung": "Pangnirtung",
        "Timezone_America_Phoenix": "Phoenix",
        "Timezone_America_PortoVelho": "Porto Velho",
        "Timezone_America_PuntaArenas": "Punta Arenas",
        "Timezone_America_RainyRiver": "Rainy River",
        "Timezone_America_RankinInlet": "Rankin Inlet",
        "Timezone_America_Recife": "Recife",
        "Timezone_America_Regina": "Regina",
        "Timezone_America_Resolute": "Resolute",
        "Timezone_America_RioBranco": "Rio Branco",
        "Timezone_America_Santarem": "Santarem",
        "Timezone_America_Santiago": "Santiago",
        "Timezone_America_SaoPaulo": "Sao Paulo",
        "Timezone_America_Scoresbysund": "Ittoqqortoormiit",
        "Timezone_America_Sitka": "Sitka",
        "Timezone_America_StJohns": "St. John’s",
        "Timezone_America_SwiftCurrent": "Swift Current",
        "Timezone_America_Thule": "Thule",
        "Timezone_America_ThunderBay": "Thunder Bay",
        "Timezone_America_Tijuana": "Tijuana",
        "Timezone_America_Toronto": "Toronto",
        "Timezone_America_Vancouver": "Vancouver",
        "Timezone_America_Whitehorse": "Whitehorse",
        "Timezone_America_Winnipeg": "Winnipeg",
        "Timezone_America_Yakutat": "Yakutat",
        "Timezone_America_Yellowknife": "Yellowknife",
        "Timezone_Antarctica_Casey": "Casey",
        "Timezone_Antarctica_Davis": "Davis",
        "Timezone_Antarctica_DumontDUrville": "Dumont d’Urville",
        "Timezone_Antarctica_Macquarie": "Macquarie",
        "Timezone_Antarctica_Mawson": "Mawson",
        "Timezone_Antarctica_McMurdo": "McMurdo",
        "Timezone_Antarctica_Palmer": "Palmer",
        "Timezone_Antarctica_Rothera": "Rothera",
        "Timezone_Antarctica_Syowa": "Syowa",
        "Timezone_Antarctica_Troll": "Troll",
        "Timezone_Antarctica_Vostok": "Vostok",
        "Timezone_Asia_Almaty": "Almaty",
        "Timezone_Asia_Anadyr": "Anadyr",
        "Timezone_Asia_Aqtau": "Aqtau",
        "Timezone_Asia_Aqtobe": "Aqtobe",
        "Timezone_Asia_Atyrau": "Atyrau",
        "Timezone_Asia_Barnaul": "Barnaul",
        "Timezone_Asia_Calcutta": "Kolkata",
        "Timezone_Asia_Chita": "Chita",
        "Timezone_Asia_Choibalsan": "Choibalsan",
        "Timezone_Asia_Famagusta": "Famagusta",
        "Timezone_Asia_Gaza": "Gaza",
        "Timezone_Asia_Hebron": "Hebron",
        "Timezone_Asia_Hovd": "Hovd",
        "Timezone_Asia_Irkutsk": "Irkutsk",
        "Timezone_Asia_Jakarta": "Jakarta",
        "Timezone_Asia_Jayapura": "Jayapura",
        "Timezone_Asia_Kamchatka": "Kamchatka",
        "Timezone_Asia_Katmandu": "Kathmandu",
        "Timezone_Asia_Khandyga": "Khandyga",
        "Timezone_Asia_Krasnoyarsk": "Krasnoyarsk",
        "Timezone_Asia_KualaLumpur": "Kuala Lumpur",
        "Timezone_Asia_Kuching": "Kuching",
        "Timezone_Asia_Magadan": "Magadan",
        "Timezone_Asia_Makassar": "Makassar",
        "Timezone_Asia_Nicosia": "Nicosia",
        "Timezone_Asia_Novokuznetsk": "Novokuznetsk",
        "Timezone_Asia_Novosibirsk": "Novosibirsk",
        "Timezone_Asia_Omsk": "Omsk",
        "Timezone_Asia_Oral": "Oral",
        "Timezone_Asia_Pontianak": "Pontianak",
        "Timezone_Asia_Qostanay": "Kostanay",
        "Timezone_Asia_Qyzylorda": "Qyzylorda",
        "Timezone_Asia_Rangoon": "Yangon",
        "Timezone_Asia_Saigon": "Ho Chi Minh City",
        "Timezone_Asia_Sakhalin": "Sakhalin",
        "Timezone_Asia_Samarkand": "Samarkand",
        "Timezone_Asia_Shanghai": "Shanghai",
        "Timezone_Asia_Srednekolymsk": "Srednekolymsk",
        "Timezone_Asia_Tashkent": "Tashkent",
        "Timezone_Asia_Tomsk": "Tomsk",
        "Timezone_Asia_Ulaanbaatar": "Ulaanbaatar",
        "Timezone_Asia_Urumqi": "Urumqi",
        "Timezone_Asia_Ust-Nera": "Ust-Nera",
        "Timezone_Asia_Vladivostok": "Vladivostok",
        "Timezone_Asia_Yakutsk": "Yakutsk",
        "Timezone_Asia_Yekaterinburg": "Yekaterinburg",
        "Timezone_Atlantic_Azores": "Azores",
        "Timezone_Atlantic_Canary": "Canary",
        "Timezone_Atlantic_Faeroe": "Faroe",
        "Timezone_Atlantic_Madeira": "Madeira",
        "Timezone_Australia_Adelaide": "Adelaide",
        "Timezone_Australia_Brisbane": "Brisbane",
        "Timezone_Australia_BrokenHill": "Broken Hill",
        "Timezone_Australia_Darwin": "Darwin",
        "Timezone_Australia_Eucla": "Eucla",
        "Timezone_Australia_Hobart": "Hobart",
        "Timezone_Australia_Lindeman": "Lindeman",
        "Timezone_Australia_LordHowe": "Lord Howe",
        "Timezone_Australia_Melbourne": "Melbourne",
        "Timezone_Australia_Perth": "Perth",
        "Timezone_Australia_Sydney": "Sydney",
        "Timezone_Europe_Astrakhan": "Astrakhan",
        "Timezone_Europe_Berlin": "Berlin",
        "Timezone_Europe_Busingen": "Busingen",
        "Timezone_Europe_Kaliningrad": "Kaliningrad",
        "Timezone_Europe_Kiev": "Kiev",
        "Timezone_Europe_Kirov": "Kirov",
        "Timezone_Europe_Lisbon": "Lisbon",
        "Timezone_Europe_Madrid": "Madrid",
        "Timezone_Europe_Moscow": "Moscow",
        "Timezone_Europe_Samara": "Samara",
        "Timezone_Europe_Saratov": "Saratov",
        "Timezone_Europe_Simferopol": "Simferopol",
        "Timezone_Europe_Ulyanovsk": "Ulyanovsk",
        "Timezone_Europe_Uzhgorod": "Uzhhorod",
        "Timezone_Europe_Volgograd": "Volgograd",
        "Timezone_Europe_Zaporozhye": "Zaporozhye",
        "Timezone_Pacific_Auckland": "Auckland",
        "Timezone_Pacific_Bougainville": "Bougainville",
        "Timezone_Pacific_Chatham": "Chatham",
        "Timezone_Pacific_Easter": "Easter",
        "Timezone_Pacific_Enderbury": "Enderbury",
        "Timezone_Pacific_Galapagos": "Galapagos",
        "Timezone_Pacific_Gambier": "Gambier",
        "Timezone_Pacific_Johnston": "Johnston",
        "Timezone_Pacific_Kiritimati": "Kiritimati",
        "Timezone_Pacific_Kosrae": "Kosrae",
        "Timezone_Pacific_Kwajalein": "Kwajalein",
        "Timezone_Pacific_Majuro": "Majuro",
        "Timezone_Pacific_Marquesas": "Marquesas",
        "Timezone_Pacific_Midway": "Midway",
        "Timezone_Pacific_Ponape": "Pohnpei",
        "Timezone_Pacific_PortMoresby": "Port Moresby",
        "Timezone_Pacific_Tahiti": "Tahiti",
        "Timezone_Pacific_Tarawa": "Tarawa",
        "Timezone_Pacific_Truk": "Chuuk",
        "Timezone_Pacific_Wake": "Wake",
        "Today": "Today",
        "Year_Short": "yr.",
        "Yesterday": "Yesterday"
    }
}