{
    "Intl": {
        "Continent_afr": "África",
        "Continent_amc": "Centroamérica",
        "Continent_amn": "América del Norte",
        "Continent_ams": "Sudamérica",
        "Continent_ant": "Antártida",
        "Continent_asi": "Asia",
        "Continent_eur": "Europa",
        "Continent_oce": "Oceanía",
        "Country_AD": "Andorra",
        "Country_AE": "Emiratos Árabes Unidos",
        "Country_AF": "Afganistán",
        "Country_AG": "Antigua y Barbuda",
        "Country_AI": "Anguila",
        "Country_AL": "Albania",
        "Country_AM": "Armenia",
        "Country_AO": "Angola",
        "Country_AQ": "Antártida",
        "Country_AR": "Argentina",
        "Country_AS": "Samoa Americana",
        "Country_AT": "Austria",
        "Country_AU": "Australia",
        "Country_AW": "Aruba",
        "Country_AX": "Islas Åland",
        "Country_AZ": "Azerbaiyán",
        "Country_BA": "Bosnia-Herzegovina",
        "Country_BB": "Barbados",
        "Country_BD": "Bangladés",
        "Country_BE": "Bélgica",
        "Country_BF": "Burkina Faso",
        "Country_BG": "Bulgaria",
        "Country_BH": "Baréin",
        "Country_BI": "Burundi",
        "Country_BJ": "Benín",
        "Country_BL": "San Bartolomé",
        "Country_BM": "Bermudas",
        "Country_BN": "Brunéi",
        "Country_BO": "Bolivia",
        "Country_BQ": "Caribe neerlandés",
        "Country_BR": "Brasil",
        "Country_BS": "Bahamas",
        "Country_BT": "Bután",
        "Country_BV": "Isla Bouvet",
        "Country_BW": "Botsuana",
        "Country_BY": "Bielorrusia",
        "Country_BZ": "Belice",
        "Country_CA": "Canadá",
        "Country_CC": "Islas Cocos",
        "Country_CD": "República Democrática del Congo",
        "Country_CF": "República Centroafricana",
        "Country_CG": "República del Congo",
        "Country_CH": "Suiza",
        "Country_CI": "Côte d’Ivoire",
        "Country_CK": "Islas Cook",
        "Country_CL": "Chile",
        "Country_CM": "Camerún",
        "Country_CN": "China",
        "Country_CO": "Colombia",
        "Country_CR": "Costa Rica",
        "Country_CU": "Cuba",
        "Country_CV": "Cabo Verde",
        "Country_CW": "Curazao",
        "Country_CX": "Isla de Navidad",
        "Country_CY": "Chipre",
        "Country_CZ": "Chequia",
        "Country_DE": "Alemania",
        "Country_DJ": "Yibuti",
        "Country_DK": "Dinamarca",
        "Country_DM": "Dominica",
        "Country_DO": "República Dominicana",
        "Country_DZ": "Argelia",
        "Country_EC": "Ecuador",
        "Country_EE": "Estonia",
        "Country_EG": "Egipto",
        "Country_EH": "Sáhara Occidental",
        "Country_ER": "Eritrea",
        "Country_ES": "España",
        "Country_ET": "Etiopía",
        "Country_FI": "Finlandia",
        "Country_FJ": "Fiyi",
        "Country_FK": "Islas Malvinas",
        "Country_FM": "Micronesia",
        "Country_FO": "Islas Feroe",
        "Country_FR": "Francia",
        "Country_GA": "Gabón",
        "Country_GB": "Reino Unido",
        "Country_GD": "Granada",
        "Country_GE": "Georgia",
        "Country_GF": "Guayana Francesa",
        "Country_GG": "Guernesey",
        "Country_GH": "Ghana",
        "Country_GI": "Gibraltar",
        "Country_GL": "Groenlandia",
        "Country_GM": "Gambia",
        "Country_GN": "Guinea",
        "Country_GP": "Guadalupe",
        "Country_GQ": "Guinea Ecuatorial",
        "Country_GR": "Grecia",
        "Country_GS": "Islas Georgia del Sur y Sandwich del Sur",
        "Country_GT": "Guatemala",
        "Country_GU": "Guam",
        "Country_GW": "Guinea-Bisáu",
        "Country_GY": "Guyana",
        "Country_HK": "RAE de Hong Kong (China)",
        "Country_HM": "Islas Heard y McDonald",
        "Country_HN": "Honduras",
        "Country_HR": "Croacia",
        "Country_HT": "Haití",
        "Country_HU": "Hungría",
        "Country_ID": "Indonesia",
        "Country_IE": "Irlanda",
        "Country_IL": "Israel",
        "Country_IM": "Isla de Man",
        "Country_IN": "India",
        "Country_IO": "Territorio Británico del Océano Índico",
        "Country_IQ": "Irak",
        "Country_IR": "Irán",
        "Country_IS": "Islandia",
        "Country_IT": "Italia",
        "Country_JE": "Jersey",
        "Country_JM": "Jamaica",
        "Country_JO": "Jordania",
        "Country_JP": "Japón",
        "Country_KE": "Kenia",
        "Country_KG": "Kirguistán",
        "Country_KH": "Camboya",
        "Country_KI": "Kiribati",
        "Country_KM": "Comoras",
        "Country_KN": "San Cristóbal y Nieves",
        "Country_KP": "Corea del Norte",
        "Country_KR": "Corea del Sur",
        "Country_KW": "Kuwait",
        "Country_KY": "Islas Caimán",
        "Country_KZ": "Kazajistán",
        "Country_LA": "Laos",
        "Country_LB": "Líbano",
        "Country_LC": "Santa Lucía",
        "Country_LI": "Liechtenstein",
        "Country_LK": "Sri Lanka",
        "Country_LR": "Liberia",
        "Country_LS": "Lesoto",
        "Country_LT": "Lituania",
        "Country_LU": "Luxemburgo",
        "Country_LV": "Letonia",
        "Country_LY": "Libia",
        "Country_MA": "Marruecos",
        "Country_MC": "Mónaco",
        "Country_MD": "Moldavia",
        "Country_ME": "Montenegro",
        "Country_MF": "San Martín",
        "Country_MG": "Madagascar",
        "Country_MH": "Islas Marshall",
        "Country_MK": "Macedonia",
        "Country_ML": "Mali",
        "Country_MM": "Myanmar (Birmania)",
        "Country_MN": "Mongolia",
        "Country_MO": "RAE de Macao (China)",
        "Country_MP": "Islas Marianas del Norte",
        "Country_MQ": "Martinica",
        "Country_MR": "Mauritania",
        "Country_MS": "Montserrat",
        "Country_MT": "Malta",
        "Country_MU": "Mauricio",
        "Country_MV": "Maldivas",
        "Country_MW": "Malaui",
        "Country_MX": "México",
        "Country_MY": "Malasia",
        "Country_MZ": "Mozambique",
        "Country_NA": "Namibia",
        "Country_NC": "Nueva Caledonia",
        "Country_NE": "Níger",
        "Country_NF": "Isla Norfolk",
        "Country_NG": "Nigeria",
        "Country_NI": "Nicaragua",
        "Country_NL": "Países Bajos",
        "Country_NO": "Noruega",
        "Country_NP": "Nepal",
        "Country_NR": "Nauru",
        "Country_NU": "Niue",
        "Country_NZ": "Nueva Zelanda",
        "Country_OM": "Omán",
        "Country_PA": "Panamá",
        "Country_PE": "Perú",
        "Country_PF": "Polinesia Francesa",
        "Country_PG": "Papúa Nueva Guinea",
        "Country_PH": "Filipinas",
        "Country_PK": "Pakistán",
        "Country_PL": "Polonia",
        "Country_PM": "San Pedro y Miquelón",
        "Country_PN": "Islas Pitcairn",
        "Country_PR": "Puerto Rico",
        "Country_PS": "Territorios Palestinos",
        "Country_PT": "Portugal",
        "Country_PW": "Palaos",
        "Country_PY": "Paraguay",
        "Country_QA": "Catar",
        "Country_RE": "Reunión",
        "Country_RO": "Rumanía",
        "Country_RS": "Serbia",
        "Country_RU": "Rusia",
        "Country_RW": "Ruanda",
        "Country_SA": "Arabia Saudí",
        "Country_SB": "Islas Salomón",
        "Country_SC": "Seychelles",
        "Country_SD": "Sudán",
        "Country_SE": "Suecia",
        "Country_SG": "Singapur",
        "Country_SH": "Santa Elena",
        "Country_SI": "Eslovenia",
        "Country_SJ": "Svalbard y Jan Mayen",
        "Country_SK": "Eslovaquia",
        "Country_SL": "Sierra Leona",
        "Country_SM": "San Marino",
        "Country_SN": "Senegal",
        "Country_SO": "Somalia",
        "Country_SR": "Surinam",
        "Country_SS": "Sudán del Sur",
        "Country_ST": "Santo Tomé y Príncipe",
        "Country_SV": "El Salvador",
        "Country_SX": "Sint Maarten",
        "Country_SY": "Siria",
        "Country_SZ": "Suazilandia",
        "Country_TC": "Islas Turcas y Caicos",
        "Country_TD": "Chad",
        "Country_TF": "Territorios Australes Franceses",
        "Country_TG": "Togo",
        "Country_TH": "Tailandia",
        "Country_TJ": "Tayikistán",
        "Country_TK": "Tokelau",
        "Country_TL": "Timor-Leste",
        "Country_TM": "Turkmenistán",
        "Country_TN": "Túnez",
        "Country_TO": "Tonga",
        "Country_TR": "Turquía",
        "Country_TT": "Trinidad y Tobago",
        "Country_TV": "Tuvalu",
        "Country_TW": "Taiwán",
        "Country_TZ": "Tanzania",
        "Country_UA": "Ucrania",
        "Country_UG": "Uganda",
        "Country_UM": "Islas menores alejadas de EE. UU.",
        "Country_US": "Estados Unidos",
        "Country_UY": "Uruguay",
        "Country_UZ": "Uzbekistán",
        "Country_VA": "Ciudad del Vaticano",
        "Country_VC": "San Vicente y las Granadinas",
        "Country_VE": "Venezuela",
        "Country_VG": "Islas Vírgenes Británicas",
        "Country_VI": "Islas Vírgenes de EE. UU.",
        "Country_VN": "Vietnam",
        "Country_VU": "Vanuatu",
        "Country_WF": "Wallis y Futuna",
        "Country_WS": "Samoa",
        "Country_YE": "Yemen",
        "Country_YT": "Mayotte",
        "Country_ZA": "Sudáfrica",
        "Country_ZM": "Zambia",
        "Country_ZW": "Zimbabue",
        "Day_Long_1": "Lunes",
        "Day_Long_2": "Martes",
        "Day_Long_3": "Miércoles",
        "Day_Long_4": "Jueves",
        "Day_Long_5": "Viernes",
        "Day_Long_6": "Sábado",
        "Day_Long_7": "Domingo",
        "Day_Long_StandAlone_1": "Lunes",
        "Day_Long_StandAlone_2": "Martes",
        "Day_Long_StandAlone_3": "Miércoles",
        "Day_Long_StandAlone_4": "Jueves",
        "Day_Long_StandAlone_5": "Viernes",
        "Day_Long_StandAlone_6": "Sábado",
        "Day_Long_StandAlone_7": "Domingo",
        "Day_Min_1": "LU",
        "Day_Min_2": "MA",
        "Day_Min_3": "MI",
        "Day_Min_4": "JU",
        "Day_Min_5": "VI",
        "Day_Min_6": "SA",
        "Day_Min_7": "DO",
        "Day_Min_StandAlone_1": "LU",
        "Day_Min_StandAlone_2": "MA",
        "Day_Min_StandAlone_3": "MI",
        "Day_Min_StandAlone_4": "JU",
        "Day_Min_StandAlone_5": "VI",
        "Day_Min_StandAlone_6": "SA",
        "Day_Min_StandAlone_7": "DO",
        "Day_Short_1": "Lun.",
        "Day_Short_2": "Mar.",
        "Day_Short_3": "Mié.",
        "Day_Short_4": "Jue.",
        "Day_Short_5": "Vie.",
        "Day_Short_6": "Sáb.",
        "Day_Short_7": "Dom.",
        "Day_Short_StandAlone_1": "Lun.",
        "Day_Short_StandAlone_2": "Mar.",
        "Day_Short_StandAlone_3": "Mié.",
        "Day_Short_StandAlone_4": "Jue.",
        "Day_Short_StandAlone_5": "Vie.",
        "Day_Short_StandAlone_6": "Sáb.",
        "Day_Short_StandAlone_7": "Dom.",
        "EnglishLanguageName": "Spanish",
        "Format_DateTime_Long": "EEEE, d 'de' MMMM 'de' y {time}",
        "Format_DateTime_Short": "d MMM y {time}",
        "Format_Date_Day_Month": "E, d MMM",
        "Format_Date_Long": "EEEE, d 'de' MMMM 'de' y",
        "Format_Date_Short": "d MMM y",
        "Format_Hour_12": "h a",
        "Format_Hour_24": "H",
        "Format_Interval_Long_D": "d–d 'de' MMMM 'de' y",
        "Format_Interval_Long_M": "d 'de' MMMM–d 'de' MMMM 'de' y",
        "Format_Interval_Long_Y": "d 'de' MMMM 'de' y–d 'de' MMMM 'de' y",
        "Format_Interval_Short_D": "d–d MMM y",
        "Format_Interval_Short_M": "d MMM – d MMM y",
        "Format_Interval_Short_Y": "d MMM y – d MMM y",
        "Format_Month_Long": "MMMM 'de' y",
        "Format_Month_Short": "MMM y",
        "Format_Time": "{time}",
        "Format_Time_12": "h:mm:ss a",
        "Format_Time_24": "H:mm:ss",
        "Format_Year": "y",
        "Hours": "horas",
        "Language_aa": "Afar",
        "Language_ab": "Abjasio",
        "Language_ae": "Avéstico",
        "Language_af": "Afrikáans",
        "Language_ak": "Akan",
        "Language_am": "Amárico",
        "Language_an": "Aragonés",
        "Language_ar": "Árabe",
        "Language_as": "Asamés",
        "Language_av": "Avar",
        "Language_ay": "Aimara",
        "Language_az": "Azerbaiyano",
        "Language_ba": "Baskir",
        "Language_be": "Bielorruso",
        "Language_bg": "Búlgaro",
        "Language_bi": "Bislama",
        "Language_bm": "Bambara",
        "Language_bn": "Bengalí",
        "Language_bo": "Tibetano",
        "Language_br": "Bretón",
        "Language_bs": "Bosnio",
        "Language_ca": "Catalán",
        "Language_ce": "Checheno",
        "Language_ch": "Chamorro",
        "Language_co": "Corso",
        "Language_cr": "Cree",
        "Language_cs": "Checo",
        "Language_cu": "Eslavo eclesiástico",
        "Language_cv": "Chuvasio",
        "Language_cy": "Galés",
        "Language_da": "Danés",
        "Language_de": "Alemán",
        "Language_dv": "Divehi",
        "Language_dz": "Dzongkha",
        "Language_ee": "Ewé",
        "Language_el": "Griego",
        "Language_en": "Inglés",
        "Language_eo": "Esperanto",
        "Language_es": "Español",
        "Language_et": "Estonio",
        "Language_eu": "Euskera",
        "Language_fa": "Persa",
        "Language_ff": "Fula",
        "Language_fi": "Finés",
        "Language_fj": "Fiyiano",
        "Language_fo": "Feroés",
        "Language_fr": "Francés",
        "Language_fy": "Frisón occidental",
        "Language_ga": "Irlandés",
        "Language_gd": "Gaélico escocés",
        "Language_gl": "Gallego",
        "Language_gn": "Guaraní",
        "Language_gu": "Guyaratí",
        "Language_gv": "Manés",
        "Language_ha": "Hausa",
        "Language_he": "Hebreo",
        "Language_hi": "Hindi",
        "Language_ho": "Hiri motu",
        "Language_hr": "Croata",
        "Language_ht": "Criollo haitiano",
        "Language_hu": "Húngaro",
        "Language_hy": "Armenio",
        "Language_hz": "Herero",
        "Language_ia": "Interlingua",
        "Language_id": "Indonesio",
        "Language_ie": "Interlingue",
        "Language_ig": "Igbo",
        "Language_ii": "Yi de Sichuán",
        "Language_ik": "Inupiaq",
        "Language_io": "Ido",
        "Language_is": "Islandés",
        "Language_it": "Italiano",
        "Language_iu": "Inuktitut",
        "Language_ja": "Japonés",
        "Language_jv": "Javanés",
        "Language_ka": "Georgiano",
        "Language_kg": "Kongo",
        "Language_ki": "Kikuyu",
        "Language_kj": "Kuanyama",
        "Language_kk": "Kazajo",
        "Language_kl": "Groenlandés",
        "Language_km": "Jemer",
        "Language_kn": "Canarés",
        "Language_ko": "Coreano",
        "Language_kr": "Kanuri",
        "Language_ks": "Cachemiro",
        "Language_ku": "Kurdo",
        "Language_kv": "Komi",
        "Language_kw": "Córnico",
        "Language_ky": "Kirguís",
        "Language_la": "Latín",
        "Language_lb": "Luxemburgués",
        "Language_lg": "Ganda",
        "Language_li": "Limburgués",
        "Language_ln": "Lingala",
        "Language_lo": "Lao",
        "Language_lt": "Lituano",
        "Language_lu": "Luba-katanga",
        "Language_lv": "Letón",
        "Language_mg": "Malgache",
        "Language_mh": "Marshalés",
        "Language_mi": "Maorí",
        "Language_mk": "Macedonio",
        "Language_ml": "Malayalam",
        "Language_mn": "Mongol",
        "Language_mr": "Maratí",
        "Language_ms": "Malayo",
        "Language_mt": "Maltés",
        "Language_my": "Birmano",
        "Language_na": "Nauruano",
        "Language_nb": "Noruego bokmal",
        "Language_nd": "Ndebele septentrional",
        "Language_ne": "Nepalí",
        "Language_ng": "Ndonga",
        "Language_nl": "Neerlandés",
        "Language_nn": "Noruego nynorsk",
        "Language_no": "Noruego",
        "Language_nr": "Ndebele meridional",
        "Language_nv": "Navajo",
        "Language_ny": "Nyanja",
        "Language_oc": "Occitano",
        "Language_oj": "Ojibwa",
        "Language_om": "Oromo",
        "Language_or": "Oriya",
        "Language_os": "Osético",
        "Language_pa": "Panyabí",
        "Language_pi": "Pali",
        "Language_pl": "Polaco",
        "Language_ps": "Pastún",
        "Language_pt": "Portugués",
        "Language_qu": "Quechua",
        "Language_rm": "Romanche",
        "Language_rn": "Kirundi",
        "Language_ro": "Rumano",
        "Language_ru": "Ruso",
        "Language_rw": "Kinyarwanda",
        "Language_sa": "Sánscrito",
        "Language_sc": "Sardo",
        "Language_sd": "Sindhi",
        "Language_se": "Sami septentrional",
        "Language_sg": "Sango",
        "Language_si": "Cingalés",
        "Language_sk": "Eslovaco",
        "Language_sl": "Esloveno",
        "Language_sm": "Samoano",
        "Language_sn": "Shona",
        "Language_so": "Somalí",
        "Language_sq": "Albanés",
        "Language_sr": "Serbio",
        "Language_ss": "Suazi",
        "Language_st": "Sesotho meridional",
        "Language_su": "Sundanés",
        "Language_sv": "Sueco",
        "Language_sw": "Suajili",
        "Language_ta": "Tamil",
        "Language_te": "Telugu",
        "Language_tg": "Tayiko",
        "Language_th": "Tailandés",
        "Language_ti": "Tigriña",
        "Language_tk": "Turcomano",
        "Language_tl": "Tagalo",
        "Language_tn": "Setsuana",
        "Language_to": "Tongano",
        "Language_tr": "Turco",
        "Language_ts": "Tsonga",
        "Language_tt": "Tártaro",
        "Language_tw": "Twi",
        "Language_ty": "Tahitiano",
        "Language_ug": "Uigur",
        "Language_uk": "Ucraniano",
        "Language_ur": "Urdu",
        "Language_uz": "Uzbeko",
        "Language_ve": "Venda",
        "Language_vi": "Vietnamita",
        "Language_vo": "Volapük",
        "Language_wa": "Valón",
        "Language_wo": "Wólof",
        "Language_xh": "Xhosa",
        "Language_yi": "Yidis",
        "Language_yo": "Yoruba",
        "Language_za": "Zhuang",
        "Language_zh": "Chino",
        "Language_zu": "Zulú",
        "LayoutDirection": "ltr",
        "Minutes": "minutos",
        "Month_Long_1": "Enero",
        "Month_Long_10": "Octubre",
        "Month_Long_11": "Noviembre",
        "Month_Long_12": "Diciembre",
        "Month_Long_2": "Febrero",
        "Month_Long_3": "Marzo",
        "Month_Long_4": "Abril",
        "Month_Long_5": "Mayo",
        "Month_Long_6": "Junio",
        "Month_Long_7": "Julio",
        "Month_Long_8": "Agosto",
        "Month_Long_9": "Septiembre",
        "Month_Long_StandAlone_1": "Enero",
        "Month_Long_StandAlone_10": "Octubre",
        "Month_Long_StandAlone_11": "Noviembre",
        "Month_Long_StandAlone_12": "Diciembre",
        "Month_Long_StandAlone_2": "Febrero",
        "Month_Long_StandAlone_3": "Marzo",
        "Month_Long_StandAlone_4": "Abril",
        "Month_Long_StandAlone_5": "Mayo",
        "Month_Long_StandAlone_6": "Junio",
        "Month_Long_StandAlone_7": "Julio",
        "Month_Long_StandAlone_8": "Agosto",
        "Month_Long_StandAlone_9": "Septiembre",
        "Month_Short_1": "Ene.",
        "Month_Short_10": "Oct.",
        "Month_Short_11": "Nov.",
        "Month_Short_12": "Dic.",
        "Month_Short_2": "Feb.",
        "Month_Short_3": "Mar.",
        "Month_Short_4": "Abr.",
        "Month_Short_5": "May.",
        "Month_Short_6": "Jun.",
        "Month_Short_7": "Jul.",
        "Month_Short_8": "Ago.",
        "Month_Short_9": "Sept.",
        "Month_Short_StandAlone_1": "Ene.",
        "Month_Short_StandAlone_10": "Oct.",
        "Month_Short_StandAlone_11": "Nov.",
        "Month_Short_StandAlone_12": "Dic.",
        "Month_Short_StandAlone_2": "Feb.",
        "Month_Short_StandAlone_3": "Mar.",
        "Month_Short_StandAlone_4": "Abr.",
        "Month_Short_StandAlone_5": "May.",
        "Month_Short_StandAlone_6": "Jun.",
        "Month_Short_StandAlone_7": "Jul.",
        "Month_Short_StandAlone_8": "Ago.",
        "Month_Short_StandAlone_9": "Sept.",
        "NDays": "%s días",
        "NHoursShort": "%sh",
        "NMinutes": "%s minutos",
        "NMinutesShort": "%s min",
        "NSeconds": "%s segundos",
        "NSecondsShort": "%ss",
        "NumberFormatCurrency": "#,##0.00 ¤",
        "NumberFormatNumber": "#,##0.###",
        "NumberFormatPercent": "#,##0 %",
        "NumberSymbolDecimal": ",",
        "NumberSymbolGroup": ".",
        "NumberSymbolMinus": "-",
        "NumberSymbolPercent": "%",
        "NumberSymbolPlus": "+",
        "OneDay": "1 día",
        "OneMinute": "1 minuto",
        "OneMinuteShort": "1 min",
        "OriginalLanguageName": "Español",
        "PeriodDay": "día",
        "PeriodDays": "días",
        "PeriodMonth": "mes",
        "PeriodMonths": "meses",
        "PeriodWeek": "semana",
        "PeriodWeeks": "semanas",
        "PeriodYear": "año",
        "PeriodYears": "años",
        "Seconds": "segundos",
        "Time_AM": "a. m.",
        "Time_PM": "p. m.",
        "Today": "Hoy",
        "Year_Short": "a",
        "Yesterday": "Ayer",
        "Region_AD_02": "Canillo",
        "Region_AD_03": "Encamp",
        "Region_AD_04": "La Massana",
        "Region_AD_05": "Ordino",
        "Region_AD_06": "Sant Julià de Lòria",
        "Region_AD_07": "Andorra la Vella",
        "Region_AD_08": "Escaldes-Engordany",
        "Region_AE_AJ": "Ajman",
        "Region_AE_AZ": "Abu Dhabi",
        "Region_AE_DU": "Dubai",
        "Region_AF_HER": "Provincia de Herāt",
        "Region_AF_KAB": "Kabul",
        "Region_AF_ZAB": "Provincia de Zābul",
        "Region_AG_04": "St. John's",
        "Region_AG_11": "Isla Redonda",
        "Region_AM_ER": "Ereván",
        "Region_AO_BGU": "Provincia de Benguela",
        "Region_AO_HUA": "Provincia de Huambo",
        "Region_AO_MOX": "Provincia de Moxico",
        "Region_AO_ZAI": "Provincia de Zaire",
        "Region_AR_A": "Salta",
        "Region_AR_B": "Buenos Aires",
        "Region_AR_C": "Buenos Aires C.F.",
        "Region_AR_D": "San Luis",
        "Region_AR_E": "Entre Ríos",
        "Region_AR_F": "La Rioja",
        "Region_AR_G": "Santiago del Estero",
        "Region_AR_H": "Chaco",
        "Region_AR_J": "San Juan",
        "Region_AR_K": "Catamarca",
        "Region_AR_L": "La Pampa",
        "Region_AR_M": "Mendoza",
        "Region_AR_N": "Misiones",
        "Region_AR_P": "Formosa",
        "Region_AR_Q": "Neuquén",
        "Region_AR_R": "Río Negro",
        "Region_AR_S": "Santa Fe",
        "Region_AR_T": "Tucumán",
        "Region_AR_U": "Chubut",
        "Region_AR_V": "Tierra del Fuego",
        "Region_AR_W": "Corrientes",
        "Region_AR_X": "Córdoba",
        "Region_AR_Y": "Jujuy",
        "Region_AR_Z": "Santa Cruz",
        "Region_AT_1": "Burgenland",
        "Region_AT_2": "Carintia",
        "Region_AT_3": "Baja Austria",
        "Region_AT_4": "Alta Austria",
        "Region_AT_6": "Estiria",
        "Region_AT_8": "Vorarlberg",
        "Region_AT_9": "Viena",
        "Region_AU_ACT": "Territorio de la Capital Australiana",
        "Region_AU_NT": "Territorio del Norte",
        "Region_AZ_NX": "República autónoma de Najicheván",
        "Region_BA_BIH": "Federacion de Bosnia-Herzegovina",
        "Region_BA_BRC": "Brcko",
        "Region_BA_SRP": "República Serbia",
        "Region_BB_01": "Parroquia de Christ Church",
        "Region_BB_03": "Parroquia de Saint George",
        "Region_BB_04": "Parroquia de Saint James",
        "Region_BB_05": "Parroquia de Saint John",
        "Region_BB_06": "Parroquia de Saint Joseph",
        "Region_BB_07": "Parroquia de Saint Lucy",
        "Region_BB_08": "Parroquia de Saint Michael",
        "Region_BB_10": "Parroquia de Saint Philip",
        "Region_BB_11": "Parroquia de Saint Thomas",
        "Region_BE_BRU": "Bruselas",
        "Region_BE_VLG": "Flandes",
        "Region_BE_WAL": "Valonia",
        "Region_BF_08": "Región Este",
        "Region_BG_07": "Provincia de Gabrovo",
        "Region_BG_23": "Provincia de Sofía",
        "Region_BH_15": "Muharraq",
        "Region_BH_17": "Norte",
        "Region_BO_B": "El Beni",
        "Region_BO_C": "Cochabamba",
        "Region_BO_H": "Chuquisaca",
        "Region_BO_L": "La Paz",
        "Region_BO_N": "Pando",
        "Region_BO_O": "Oruro",
        "Region_BO_P": "Potosí",
        "Region_BO_S": "Santa Cruz",
        "Region_BO_T": "Tarija",
        "Region_BQ_SE": "San Eustaquio",
        "Region_BR_AC": "Acre",
        "Region_BR_AL": "Alagoas",
        "Region_BR_AM": "Amazonas",
        "Region_BR_AP": "Amapá",
        "Region_BR_BA": "Bahía",
        "Region_BR_CE": "Ceará",
        "Region_BR_DF": "Distrito Federal",
        "Region_BR_ES": "Espírito Santo",
        "Region_BR_GO": "Goiás",
        "Region_BR_MA": "Maranhão",
        "Region_BR_MG": "Minas Gerais",
        "Region_BR_MS": "Mato Grosso del Sur",
        "Region_BR_MT": "Mato Grosso",
        "Region_BR_PA": "Pará",
        "Region_BR_PB": "Paraíba",
        "Region_BR_PE": "Pernambuco",
        "Region_BR_PI": "Piauí",
        "Region_BR_PR": "Paraná",
        "Region_BR_RJ": "Río de Janeiro",
        "Region_BR_RN": "Río Grande del Norte",
        "Region_BR_RO": "Rondonia",
        "Region_BR_RR": "Roraima",
        "Region_BR_RS": "Río Grande del Sur",
        "Region_BR_SC": "Santa Catarina",
        "Region_BR_SE": "Sergipe",
        "Region_BR_SP": "São Paulo",
        "Region_BR_TO": "Tocantins",
        "Region_BT_11": "Distrito de Paro",
        "Region_BT_12": "Distrito de Chukha",
        "Region_BT_22": "Distrito de Dagana",
        "Region_BT_45": "Distrito de Samdrup Jongkhar",
        "Region_CA_BC": "Columbia Británica",
        "Region_CA_NB": "Nuevo Brunswick",
        "Region_CA_NL": "New Foundland - Labrador",
        "Region_CA_NS": "Nueva Escocia",
        "Region_CA_PE": "Isla del Príncipe Eduardo",
        "Region_CA_YT": "Yukón",
        "Region_CH_BS": "Cantón de Basilea-Ciudad",
        "Region_CH_GE": "Cantón de Ginebra",
        "Region_CH_GR": "Cantón de los Grisones",
        "Region_CH_JU": "Cantón del Jura",
        "Region_CH_NE": "Cantón de Neuchâtel",
        "Region_CH_TI": "Tesino",
        "Region_CL_AI": "Aysén",
        "Region_CL_AN": "Antofagasta",
        "Region_CL_AP": "Arica y Parinacota",
        "Region_CL_AR": "Araucanía",
        "Region_CL_AT": "Atacama",
        "Region_CL_BI": "Biobío",
        "Region_CL_CO": "Coquimbo",
        "Region_CL_LI": "O'Higgins",
        "Region_CL_LL": "Los Lagos",
        "Region_CL_LR": "Los Ríos",
        "Region_CL_MA": "Magallanes",
        "Region_CL_ML": "Maule",
        "Region_CL_RM": "Metropolitana",
        "Region_CL_TA": "Tarapacá",
        "Region_CL_VS": "Valparaíso",
        "Region_CN_FJ": "Fujian",
        "Region_CN_HB": "Hubei",
        "Region_CO_AMA": "Amazonas",
        "Region_CO_ATL": "Atlántico",
        "Region_CO_CUN": "Cundinamarca",
        "Region_CO_DC": "Bogotá D.C.",
        "Region_CO_QUI": "Departamento del Quindío",
        "Region_CO_SAP": "San Andrés y Providencia",
        "Region_CU_03": "Provincia de La Habana",
        "Region_CZ_10": "Praga",
        "Region_CZ_20": "Región de Bohemia Central",
        "Region_CZ_31": "Región de Bohemia Meridional",
        "Region_CZ_64": "Región de Moravia Meridional",
        "Region_DE_BB": "Brandenburgo",
        "Region_DE_BE": "Berlín",
        "Region_DE_BW": "Baden-Württemberg",
        "Region_DE_BY": "Baviera",
        "Region_DE_HB": "Bremen",
        "Region_DE_HE": "Hessen",
        "Region_DE_HH": "Hamburgo",
        "Region_DE_MV": "Mecklenburg-Vorpommern",
        "Region_DE_NI": "Baja Sajonia",
        "Region_DE_NW": "Renania del Norte-Westfalia",
        "Region_DE_RP": "Rheinland-Pfalz",
        "Region_DE_SH": "Schleswig-Holstein",
        "Region_DE_SL": "Sarre",
        "Region_DE_SN": "Sachsen",
        "Region_DE_ST": "Sajonia-Anhalt",
        "Region_DE_TH": "Thüringen",
        "Region_DK_82": "Jutlandia Central",
        "Region_DK_83": "Dinamarca Meridional",
        "Region_DK_85": "Región de Selandia",
        "Region_DO_01": "Distrito de Santo Domingo",
        "Region_DO_20": "Distrito de Samana",
        "Region_DZ_16": "Argel",
        "Region_EC_F": "Provincia de Cañar",
        "Region_EC_G": "Guayas",
        "Region_EC_SE": "Provincia de Santa Elena",
        "Region_EC_T": "Provincia de Tungurahua",
        "Region_EC_W": "Archipiélago de Galápagos",
        "Region_EC_Y": "Provincia de Pastaza",
        "Region_EE_37": "Condado de Harju",
        "Region_EE_39": "Condado de Hiiu",
        "Region_EE_44": "Condado de Ida-Viru",
        "Region_EE_49": "Condado de Jõgeva",
        "Region_EE_51": "Condado de Järva",
        "Region_EE_57": "Condado de Lääne",
        "Region_EE_59": "Condado de Lääne-Viru",
        "Region_EE_65": "Condado de Põlva",
        "Region_EE_67": "Condado de Pärnu",
        "Region_EE_70": "Condado de Rapla",
        "Region_EE_74": "Condado de Saare",
        "Region_EE_78": "Condado de Tartu",
        "Region_EE_82": "Condado de Valga",
        "Region_EE_84": "Condado de Viljandi",
        "Region_EE_86": "Condado de Võru",
        "Region_EG_BA": "Mar Rojo",
        "Region_ES_AN": "Andalucía",
        "Region_ES_AR": "Aragón",
        "Region_ES_AS": "Asturias",
        "Region_ES_CB": "Cantabria",
        "Region_ES_CE": "Ceuta",
        "Region_ES_CL": "Castilla y León",
        "Region_ES_CM": "Castilla-La Mancha",
        "Region_ES_CN": "Canarias",
        "Region_ES_CT": "Cataluña",
        "Region_ES_EX": "Extremadura",
        "Region_ES_GA": "Galicia",
        "Region_ES_IB": "Baleares",
        "Region_ES_MC": "Murcia",
        "Region_ES_MD": "Madrid",
        "Region_ES_ML": "Melilla",
        "Region_ES_NC": "Navarra",
        "Region_ES_PV": "País Vasco",
        "Region_ES_RI": "La Rioja",
        "Region_ES_VC": "Valencia",
        "Region_FI_10": "Laponia",
        "Region_FI_12": "Ostrobotnia",
        "Region_FI_14": "Ostrobotnia del Norte",
        "Region_FI_19": "Finlandia Propia",
        "Region_FJ_C": "División Central",
        "Region_FJ_E": "División Este",
        "Region_FJ_N": "División Norte",
        "Region_FJ_W": "División Oeste",
        "Region_FR_A": "Alsacia",
        "Region_FR_B": "Aquitania",
        "Region_FR_BRE": "Bretaña",
        "Region_FR_C": "Auvernia",
        "Region_FR_CVL": "Centro",
        "Region_FR_D": "Borgoña",
        "Region_FR_G": "Champaña-Ardenas",
        "Region_FR_I": "Franco Condado",
        "Region_FR_IDF": "Isla de Francia",
        "Region_FR_K": "Languedoc-Rosellón",
        "Region_FR_L": "Lemosín",
        "Region_FR_M": "Lorena",
        "Region_FR_N": "Mediodía-Pirineos",
        "Region_FR_O": "Norte Paso de Calais",
        "Region_FR_P": "Baja Normandía",
        "Region_FR_PAC": "Provenza-Alpes-Costa Azul",
        "Region_FR_PDL": "Países del Loira",
        "Region_FR_Q": "Alta Normandía",
        "Region_FR_S": "Picardía",
        "Region_FR_T": "Poitou-Charentes",
        "Region_FR_V": "Ródano-Alpes",
        "Region_GA_1": "Provincia de Estuaire",
        "Region_GB_ENG": "Inglaterra",
        "Region_GB_NIR": "Irlanda del Norte",
        "Region_GB_SCT": "Escocia",
        "Region_GB_WLS": "Gales",
        "Region_GE_AB": "Abjasia",
        "Region_GE_IM": "Región de Imericia",
        "Region_GE_MM": "Región de Mtsjeta-Mtianeti",
        "Region_GE_SK": "Región de Shida Kartli",
        "Region_GH_BA": "Brong-Ahafo",
        "Region_GR_M": "Creta",
        "Region_GT_SU": "Suchitepéquez",
        "Region_GW_BL": "Región de Bolama",
        "Region_GW_BM": "Región de Biombo",
        "Region_GW_QU": "Región de Quinara",
        "Region_GW_TO": "Región de Tombali",
        "Region_HN_IB": "Islas de la Bahía",
        "Region_HR_02": "Krapina-Zagorje",
        "Region_HR_03": "Sisak-Moslavina",
        "Region_HR_08": "Primorje - Gorski Kotar",
        "Region_HR_11": "Pozega-Eslavonia",
        "Region_HR_12": "Brod-Posavina",
        "Region_HR_14": "Osijek-Baranja",
        "Region_HR_15": "Sibenik-Knin",
        "Region_HR_16": "Vukovar-Srijem",
        "Region_HR_17": "Split-Dalmatia",
        "Region_HR_18": "Istria",
        "Region_HR_19": "Dubrovnik - Neretva",
        "Region_HU_BK": "Bács-Kiskun",
        "Region_HU_ZA": "Zala",
        "Region_ID_BT": "Bantén",
        "Region_ID_JB": "Java Occidental",
        "Region_ID_JI": "Java Oriental",
        "Region_ID_SA": "Célebes Septentrional",
        "Region_ID_SB": "Sumatra Occidental",
        "Region_ID_SS": "Sumatra Meridional",
        "Region_ID_ST": "Célebes Central",
        "Region_ID_SU": "Sumatra Septentrional",
        "Region_IE_U": "Úlster",
        "Region_IL_HA": "Distrito de Haifa",
        "Region_IN_AN": "Islas Andamán y Nicobar",
        "Region_IN_DD": "Damán y Diu",
        "Region_IN_DN": "Dadra y Nagar Haveli",
        "Region_IN_GA": "Goa",
        "Region_IN_MH": "Maharastra",
        "Region_IN_ML": "Megalaya",
        "Region_IN_MZ": "Mizorán",
        "Region_IN_PB": "Punyab",
        "Region_IN_RJ": "Rajastán",
        "Region_IN_WB": "Bengala Occidental",
        "Region_IQ_SU": "Gobernación de Solimania",
        "Region_IR_01": "Azerbaiyán Oriental",
        "Region_IR_06": "Bushehr",
        "Region_IR_10": "Khuzestán",
        "Region_IR_11": "Provincia de Zanyán",
        "Region_IR_12": "Provincia de Semnan",
        "Region_IR_14": "Fars",
        "Region_IR_21": "Mazandarán",
        "Region_IR_22": "Markazí",
        "Region_IR_23": "Hormozgan",
        "Region_IS_1": "Región de la capital",
        "Region_IS_2": "Suroccidental",
        "Region_IS_3": "Occidental",
        "Region_IS_4": "Fiordos occidentales",
        "Region_IS_5": "Noroccidental",
        "Region_IS_6": "Nororiental",
        "Region_IS_7": "Oriental",
        "Region_IS_8": "Meridional",
        "Region_IT_21": "Piamonte",
        "Region_IT_23": "Valle de Aosta",
        "Region_IT_25": "Lombardía",
        "Region_IT_32": "Trentino-Alto Adigio",
        "Region_IT_34": "Véneto",
        "Region_IT_36": "Friuli-Venecia Julia",
        "Region_IT_42": "Liguria",
        "Region_IT_45": "Emilia-Romaña",
        "Region_IT_52": "Toscana",
        "Region_IT_55": "Umbría",
        "Region_IT_57": "Las Marcas",
        "Region_IT_62": "Lacio",
        "Region_IT_65": "Los Abruzos",
        "Region_IT_67": "Molise",
        "Region_IT_72": "Campania",
        "Region_IT_75": "Apulia",
        "Region_IT_77": "Basilicata",
        "Region_IT_78": "Calabria",
        "Region_IT_82": "Sicilia",
        "Region_IT_88": "Cerdeña",
        "Region_JM_01": "Parroquia de Kingston",
        "Region_JO_IR": "Gobernación de Irbid",
        "Region_JP_02": "Prefectura de Aomori",
        "Region_JP_03": "Prefectura de Iwate",
        "Region_JP_04": "Prefectura de Miyagi",
        "Region_JP_05": "Prefectura de Akita",
        "Region_JP_06": "Prefectura de Yamagata",
        "Region_JP_07": "Prefectura de Fukushima",
        "Region_JP_08": "Prefectura de Ibaraki",
        "Region_JP_09": "Prefectura de Tochigi",
        "Region_JP_10": "Prefectura de Gunma",
        "Region_JP_14": "Prefectura de Kanagawa",
        "Region_JP_15": "Prefectura de Niigata",
        "Region_JP_18": "Prefectura de Fukui",
        "Region_JP_19": "Prefectura de Yamanashi",
        "Region_JP_20": "Prefectura de Nagano",
        "Region_JP_21": "Prefectura de Gifu",
        "Region_JP_22": "Prefectura de Shizuoka",
        "Region_JP_25": "Prefectura de Shiga",
        "Region_JP_28": "Prefectura de Hyōgo",
        "Region_JP_30": "Prefectura de Wakayama",
        "Region_JP_31": "Prefectura de Tottori",
        "Region_JP_32": "Prefectura de Shimane",
        "Region_JP_33": "Prefectura de Okayama",
        "Region_JP_35": "Prefectura de Yamaguchi",
        "Region_JP_37": "Prefectura de Kagawa",
        "Region_JP_40": "Prefectura de Fukuoka",
        "Region_JP_43": "Prefectura de Kumamoto",
        "Region_JP_45": "Prefectura de Miyazaki",
        "Region_JP_47": "Prefectura de Okinawa",
        "Region_KH_1": "Provincia de Banteay Mean Chey",
        "Region_KH_13": "Provincia de Preah Wijía",
        "Region_KH_15": "Provincia de Pursat",
        "Region_KH_18": "Ciudad de Sihanoukville",
        "Region_KH_2": "Provincia de Battambang",
        "Region_KH_20": "Provincia de Svay Rieng",
        "Region_KH_23": "Provincia de Kep",
        "Region_KH_3": "Provincia de Kompung Cham",
        "Region_KH_4": "Provincia de Kompung Chinang",
        "Region_KH_7": "Provincia de Kompot",
        "Region_KH_8": "Provincia de Kandal",
        "Region_KH_9": "Provincia de Koh Kong",
        "Region_KM_G": "Gran Comora",
        "Region_LB_JA": "Líbano-Sur",
        "Region_LB_JL": "Monte Libano",
        "Region_LK_2": "Provincia Central",
        "Region_LK_4": "Provincia Norte",
        "Region_LK_6": "Provincia Noroeste",
        "Region_LS_A": "Distrito de Maseru",
        "Region_LS_B": "Distrito de Butha-Buthe",
        "Region_LS_C": "Distrito de Leribe",
        "Region_LS_D": "Distrito de Berea",
        "Region_LS_G": "Distrito de Quthing",
        "Region_LS_J": "Distrito de Mokhotlong",
        "Region_LS_K": "Distrito de Thaba-Tseka",
        "Region_LV_042": "Municipio de Jēkabpils",
        "Region_LV_VEN": "Ventspils",
        "Region_LY_TB": "Tarabulus",
        "Region_MD_AN": "Distrito de Anenii Noi",
        "Region_MD_BR": "Distrito de Briceni",
        "Region_MD_BS": "Distrito de Basarabeasca",
        "Region_MD_CR": "Distrito de Criuleni",
        "Region_MD_CT": "Distrito de Cantemir",
        "Region_MD_GL": "Distrito de Glodeni",
        "Region_MD_LE": "Distrito de Leova",
        "Region_MD_NI": "Distrito de Nisporeni",
        "Region_MD_OR": "Distrito de Orhei",
        "Region_MD_RE": "Distrito de Rezina",
        "Region_MD_RI": "Distrito de Rîșcani",
        "Region_MD_SD": "Distrito de Șoldănești",
        "Region_MD_SI": "Distrito de Sîngerei",
        "Region_MD_ST": "Distrito de Strășeni",
        "Region_MD_TE": "Distrito de Telenești",
        "Region_MK_05": "Municipalidad de Bogdanci",
        "Region_MK_10": "Municipio de Valandovo",
        "Region_MK_69": "Municipio de Sveti Nikole",
        "Region_MR_11": "Tiris Zemmur",
        "Region_MU_CC": "Cargados Carajos",
        "Region_MX_AGU": "Aguascalientes",
        "Region_MX_BCN": "Baja California",
        "Region_MX_BCS": "Baja California Sur",
        "Region_MX_CAM": "Campeche",
        "Region_MX_CHH": "Chihuahua",
        "Region_MX_CHP": "Chiapas",
        "Region_MX_CMX": "Distrito Federal",
        "Region_MX_COA": "Coahuila de Zaragoza",
        "Region_MX_COL": "Colima",
        "Region_MX_DUR": "Durango",
        "Region_MX_GRO": "Guerrero",
        "Region_MX_GUA": "Guanajuato",
        "Region_MX_HID": "Hidalgo",
        "Region_MX_JAL": "Jalisco",
        "Region_MX_MEX": "México",
        "Region_MX_MIC": "Michoacán de Ocampo",
        "Region_MX_MOR": "Morelos",
        "Region_MX_NAY": "Nayarit",
        "Region_MX_NLE": "Nuevo León",
        "Region_MX_OAX": "Oaxaca",
        "Region_MX_PUE": "Puebla",
        "Region_MX_QUE": "Querétaro de Arteaga",
        "Region_MX_ROO": "Quintana Roo",
        "Region_MX_SIN": "Sinaloa",
        "Region_MX_SLP": "San Luis Potosí",
        "Region_MX_SON": "Sonora",
        "Region_MX_TAB": "Tabasco",
        "Region_MX_TAM": "Tamaulipas",
        "Region_MX_TLA": "Tlaxcala",
        "Region_MX_VER": "Veracruz-Llave",
        "Region_MX_YUC": "Yucatán",
        "Region_MX_ZAC": "Zacatecas",
        "Region_MY_16": "Putrajaya",
        "Region_MZ_L": "Provincia de Maputo",
        "Region_MZ_N": "Provincia de Nampula",
        "Region_MZ_T": "Provincia de Tete",
        "Region_NE_1": "Región de Agadez",
        "Region_NE_2": "Región de Diffa",
        "Region_NI_AS": "Región Autónoma de la Costa Caribe Sur",
        "Region_NL_DR": "Drente",
        "Region_NL_FL": "Flevolanda",
        "Region_NL_FR": "Frisia",
        "Region_NL_GE": "Güeldres",
        "Region_NL_GR": "Groninga",
        "Region_NL_LI": "Limburgo",
        "Region_NL_NB": "Brabante Septentrional",
        "Region_NL_NH": "Holanda Septentrional",
        "Region_NL_ZE": "Zelanda",
        "Region_NL_ZH": "Holanda Meridional",
        "Region_NR_01": "Aiwo",
        "Region_NR_02": "Anabar",
        "Region_NR_03": "Anetan",
        "Region_NR_04": "Anibare",
        "Region_NR_06": "Boe",
        "Region_NR_07": "Buada",
        "Region_NR_09": "Ewa",
        "Region_NR_10": "Ijuw",
        "Region_NR_11": "Meneng",
        "Region_NR_12": "Nibok",
        "Region_NR_13": "Uaboe",
        "Region_NZ_AUK": "Auckland",
        "Region_NZ_CAN": "Región de Canterbury",
        "Region_NZ_WGN": "Wellington",
        "Region_PA_10": "Panamá Oeste",
        "Region_PA_KY": "Circunscripción de San Blas",
        "Region_PE_ANC": "Ancash",
        "Region_PG_EBR": "Nueva Bretaña del Este",
        "Region_PG_MRL": "Provincia de Manus",
        "Region_PG_WBK": "Nueva Bretaña del Oeste",
        "Region_PH_02": "Valle del Cagayán",
        "Region_PH_03": "Luzón Central",
        "Region_PH_06": "Bisayas occidentales",
        "Region_PH_07": "Bisayas centrales",
        "Region_PH_08": "Bisayas orientales",
        "Region_PH_10": "Mindanao del Norte",
        "Region_PH_14": "Mindanao Musulmán",
        "Region_PH_15": "La Cordillera",
        "Region_PK_JK": "Azad Cachemira",
        "Region_PK_TA": "Áreas tribales",
        "Region_PL_DS": "Baja Silesia",
        "Region_PL_KP": "Voivodato de Cuyavia y Pomerania",
        "Region_PL_LB": "Voivodato de Lubusz",
        "Region_PL_LD": "Łódź",
        "Region_PL_LU": "Lublin",
        "Region_PL_MA": "Voivodato de Pequeña Polonia",
        "Region_PL_MZ": "Voivodato de Mazovia",
        "Region_PL_OP": "Opole",
        "Region_PL_PD": "Podlaquia",
        "Region_PL_PK": "Subcarpacia",
        "Region_PL_PM": "Pomerania",
        "Region_PL_SK": "Voivodato de Santa Cruz",
        "Region_PL_SL": "Silesia",
        "Region_PL_WN": "Varmia y Masuria",
        "Region_PL_WP": "Voivodato de Gran Polonia",
        "Region_PT_01": "Aveiro",
        "Region_PT_02": "Beja",
        "Region_PT_03": "Braga",
        "Region_PT_04": "Braganza",
        "Region_PT_05": "Castelo Branco",
        "Region_PT_06": "Coimbra",
        "Region_PT_07": "Évora",
        "Region_PT_08": "Faro",
        "Region_PT_09": "Guarda",
        "Region_PT_10": "Leiria",
        "Region_PT_11": "Lisboa",
        "Region_PT_12": "Portalegre",
        "Region_PT_13": "Oporto",
        "Region_PT_14": "Santarém",
        "Region_PT_15": "Setúbal",
        "Region_PT_16": "Viana do Castelo",
        "Region_PT_17": "Vila Real",
        "Region_PT_18": "Viseu",
        "Region_PT_20": "Azores",
        "Region_PT_30": "Madeira",
        "Region_RO_PH": "Distrito de Prahova",
        "Region_RU_AD": "Adigueya",
        "Region_RU_AMU": "Amur",
        "Region_RU_BU": "Buriatia",
        "Region_RU_CE": "Chechenia",
        "Region_RU_CHU": "Chukotka",
        "Region_RU_CU": "Chuvasia",
        "Region_RU_DA": "Daguestán",
        "Region_RU_IN": "Ingusetia",
        "Region_RU_KB": "Kabardina-Balkaria",
        "Region_RU_KDA": "Krasnodarskiy",
        "Region_RU_KHA": "Krai de Khabarovsk",
        "Region_RU_KK": "Jakasia",
        "Region_RU_KL": "Kalmukia",
        "Region_RU_KR": "Carelia",
        "Region_RU_KYA": "Krai de Krasnojarsk",
        "Region_RU_ME": "Mari-El",
        "Region_RU_MO": "Mordovia",
        "Region_RU_MOS": "Óblast de Moscú",
        "Region_RU_MOW": "Moscú",
        "Region_RU_NEN": "Nenetsia",
        "Region_RU_PER": "Krai de Perm",
        "Region_RU_PRI": "Krai De Primorsky",
        "Region_RU_SA": "Sajá Yakutia",
        "Region_RU_SAK": "Sajalin",
        "Region_RU_SE": "Osetia del Norte",
        "Region_RU_SPE": "San Petersburgo",
        "Region_RU_SVE": "Sverdlovsk",
        "Region_RU_TA": "Tartaristan",
        "Region_RU_TYU": "Tiumen",
        "Region_RU_UD": "Udmurtia",
        "Region_RU_ULY": "Óblast de Uliánovsk",
        "Region_RU_YEV": "Óblast Autónomo Hebreo",
        "Region_RU_ZAB": "Zabaikalie",
        "Region_SE_BD": "Norbotnia",
        "Region_SE_O": "Provincia de Västra Götaland",
        "Region_SE_T": "Provincia de Örebro",
        "Region_SE_W": "Dalecarlia",
        "Region_SE_X": "Provincia de Gävleborg",
        "Region_SI_070": "Máribor",
        "Region_SI_094": "Postoina",
        "Region_SM_02": "Chiesanuova",
        "Region_SN_DB": "Región de Diourbel",
        "Region_SN_DK": "Región de Dakar",
        "Region_SN_KD": "Región de Kolda",
        "Region_SN_KL": "Región de Kaolack",
        "Region_SN_LG": "Región de Louga",
        "Region_SN_MT": "Región de Matam",
        "Region_SN_SL": "Región de Saint-Louis",
        "Region_SN_TC": "Región de Tambacounda",
        "Region_SN_ZG": "Región de Ziguinchor",
        "Region_ST_P": "Isla de Príncipe",
        "Region_ST_S": "Isla de Santo Tomé",
        "Region_SY_DI": "Gobernación de Damasco",
        "Region_TD_MA": "Región de Mandoul",
        "Region_TD_SI": "Región de Sila",
        "Region_TG_C": "Central",
        "Region_TG_M": "Marítima",
        "Region_TG_P": "Altiplano",
        "Region_TG_S": "Sabana",
        "Region_TL_BO": "Bobonaro",
        "Region_TL_CO": "Cova-Lima",
        "Region_TL_ER": "Ermera",
        "Region_TL_LA": "Lautem",
        "Region_TL_MF": "Manufahi",
        "Region_TM_A": "Provincia de Ahal",
        "Region_TM_B": "Provincia de Balkan",
        "Region_TM_L": "Provincia de Lebap",
        "Region_TM_M": "Provincia de Mary",
        "Region_TN_14": "Gobernación de Manouba",
        "Region_TN_83": "Gobernación de Tataouine",
        "Region_TO_01": "'Eua",
        "Region_TO_03": "Grupo Niuas",
        "Region_TR_01": "Provincia de Adana",
        "Region_TR_04": "Provincia de Agri",
        "Region_TR_05": "Provincia de Amasya",
        "Region_TR_06": "Provincia de Ankara",
        "Region_TR_07": "Provincia de Antalya",
        "Region_TR_08": "Provincia de Artvin",
        "Region_TR_09": "Provincia de Aydin",
        "Region_TR_10": "Provincia de Balıkesir",
        "Region_TR_11": "Provincia de Bilecik",
        "Region_TR_12": "Provincia de Bingöl",
        "Region_TR_13": "Provincia de Bitlis",
        "Region_TR_14": "Provincia de Bolu",
        "Region_TR_15": "Provincia de Burdur",
        "Region_TR_17": "Provincia de Çanakkale",
        "Region_TR_18": "Provincia de Çankırı",
        "Region_TR_19": "Provincia de Çorum",
        "Region_TR_20": "Provincia de Denizli",
        "Region_TR_22": "Provincia de Edirne",
        "Region_TR_24": "Provincia de Erzincan",
        "Region_TR_25": "Provincia de Erzurum",
        "Region_TR_26": "Provincia de Eskişehir",
        "Region_TR_27": "Provincia de Gaziantep",
        "Region_TR_28": "Provincia de Giresun",
        "Region_TR_30": "Provincia de Hakkâri",
        "Region_TR_31": "Provincia de Hatay",
        "Region_TR_32": "Provincia de Isparta",
        "Region_TR_33": "Provincia de Mersin",
        "Region_TR_34": "Provincia de Estambul",
        "Region_TR_37": "Provincia de Kastamonu",
        "Region_TR_38": "Provincia de Kayseri",
        "Region_TR_39": "Provincia de Kırklareli",
        "Region_TR_40": "Provincia de Kırşehir",
        "Region_TR_41": "Provincia de Kocaeli",
        "Region_TR_42": "Provincia de Konya",
        "Region_TR_43": "Provincia de Kütahya",
        "Region_TR_44": "Provincia de Malatya",
        "Region_TR_45": "Provincia de Manisa",
        "Region_TR_46": "Provincia de Kahramanmaraş",
        "Region_TR_47": "Provincia de Mardin",
        "Region_TR_48": "Provincia de Muğla",
        "Region_TR_49": "Provincia de Muş",
        "Region_TR_52": "Provincia de Ordu",
        "Region_TR_54": "Provincia de Sakarya",
        "Region_TR_55": "Provincia de Samsun",
        "Region_TR_56": "Provincia de Siirt",
        "Region_TR_57": "Provincia de Sinop",
        "Region_TR_58": "Provincia de Sivas",
        "Region_TR_59": "Provincia de Tekirdağ",
        "Region_TR_61": "Provincia de Trebisonda",
        "Region_TR_62": "Provincia de Tunceli",
        "Region_TR_63": "Provincia de Sanliurfa",
        "Region_TR_64": "Provincia de Uşak",
        "Region_TR_65": "Provincia de Van",
        "Region_TR_66": "Provincia de Yozgat",
        "Region_TR_68": "Provincia de Aksaray",
        "Region_TR_70": "Provincia de Karaman",
        "Region_TR_71": "Provincia de Kırıkkale",
        "Region_TR_72": "Provincia de Batman",
        "Region_TR_73": "Provincia de Şırnak",
        "Region_TR_74": "Provincia de Bartın",
        "Region_TR_75": "Provincia de Ardahan",
        "Region_TR_76": "Provincia de Iğdır",
        "Region_TR_77": "Provincia de Yalova",
        "Region_TR_79": "Provincia de Kilis",
        "Region_TR_80": "Provincia de Osmaniye",
        "Region_TW_YUN": "Condado de Yunlin",
        "Region_UA_32": "Oblast de Kyiv",
        "Region_UA_51": "Óblast de Odesa",
        "Region_UA_53": "Óblast de Poltava",
        "Region_UA_59": "Óblast de Sumy",
        "Region_UA_65": "Óblast de Jersón",
        "Region_US_AK": "Alaska",
        "Region_US_AL": "Alabama",
        "Region_US_AR": "Arkansas",
        "Region_US_AZ": "Arizona",
        "Region_US_CA": "California",
        "Region_US_CO": "Colorado",
        "Region_US_CT": "Connecticut",
        "Region_US_DC": "Washington D.C.",
        "Region_US_DE": "Delaware",
        "Region_US_FL": "Florida",
        "Region_US_GA": "Georgia",
        "Region_US_HI": "Hawai",
        "Region_US_IA": "Iowa",
        "Region_US_ID": "Idaho",
        "Region_US_IL": "Illinois",
        "Region_US_IN": "Indiana",
        "Region_US_KS": "Kansas",
        "Region_US_LA": "Louisiana",
        "Region_US_MD": "Maryland",
        "Region_US_MI": "Michigan",
        "Region_US_MN": "Minnesota",
        "Region_US_MO": "Missouri",
        "Region_US_MS": "Mississippi",
        "Region_US_MT": "Montana",
        "Region_US_NC": "Carolina del Norte",
        "Region_US_ND": "Dakota del Norte",
        "Region_US_NE": "Nebraska",
        "Region_US_NH": "Nueva Hampshire",
        "Region_US_NJ": "Nueva Jersey",
        "Region_US_NM": "Nuevo México",
        "Region_US_NV": "Nevada",
        "Region_US_NY": "Nueva York",
        "Region_US_OH": "Ohio",
        "Region_US_OK": "Oklahoma",
        "Region_US_OR": "Oregón",
        "Region_US_PA": "Pensilvania",
        "Region_US_RI": "Rhode Island",
        "Region_US_SC": "Carolina del Sur",
        "Region_US_SD": "Dakota del Sur",
        "Region_US_TN": "Tennessee",
        "Region_US_TX": "Texas",
        "Region_US_UT": "Utah",
        "Region_US_VT": "Vermont",
        "Region_US_WA": "Washington",
        "Region_US_WI": "Wisconsin",
        "Region_US_WV": "Virginia Occidental",
        "Region_US_WY": "Wyoming",
        "Region_UY_AR": "Artigas",
        "Region_UY_CA": "Canelones",
        "Region_UY_CL": "Cerro Largo",
        "Region_UY_CO": "Colonia",
        "Region_UY_FD": "Florida",
        "Region_UY_LA": "Lavalleja",
        "Region_UY_MA": "Maldonado",
        "Region_UY_SO": "Soriano",
        "Region_VE_A": "Distrito Federal",
        "Region_VE_B": "Estado Anzoátegui",
        "Region_VE_C": "Estado Apure",
        "Region_VE_D": "Estado Aragua",
        "Region_VE_E": "Estado Barinas",
        "Region_VE_F": "Estado Bolívar",
        "Region_VE_G": "Estado Carabobo",
        "Region_VE_H": "Estado Cojedes",
        "Region_VE_I": "Falcón",
        "Region_VE_J": "Estado Guárico",
        "Region_VE_K": "Lara",
        "Region_VE_L": "Estado Mérida",
        "Region_VE_M": "Estado Miranda",
        "Region_VE_N": "Estado Monagas",
        "Region_VE_O": "Nueva Esparta",
        "Region_VE_P": "Portuguesa",
        "Region_VE_R": "Estado Sucre",
        "Region_VE_S": "Táchira",
        "Region_VE_T": "Trujillo",
        "Region_VE_U": "Yaracuy",
        "Region_VE_V": "Zulia",
        "Region_VE_X": "Estado Vargas",
        "Region_VE_Y": "Delta Amacuro",
        "Region_VE_Z": "Amazonas",
        "Region_VN_SG": "Ciudad Ho Chi Minh",
        "Region_VU_TOB": "Torba",
        "Region_YE_SH": "Gobernación de Shabwah",
        "Region_ZA_EC": "Provincia Oriental del Cabo",
        "Region_ZA_LP": "Provincia de Limpopo"
    }
}