{
    "Intl": {
        "Continent_afr": "Afrika",
        "Continent_amc": "Amerika Tengah",
        "Continent_amn": "Amerika Utara",
        "Continent_ams": "Amerika Selatan",
        "Continent_ant": "Antartika",
        "Continent_asi": "Asia",
        "Continent_eur": "Eropah",
        "Continent_oce": "Oceania",
        "Country_AD": "Andorra",
        "Country_AE": "Emiriah Arab Bersatu",
        "Country_AF": "Afghanistan",
        "Country_AG": "Antigua dan Barbuda",
        "Country_AI": "Anguilla",
        "Country_AL": "Albania",
        "Country_AM": "Armenia",
        "Country_AO": "Angola",
        "Country_AQ": "Antartika",
        "Country_AR": "Argentina",
        "Country_AS": "Samoa Amerika",
        "Country_AT": "Austria",
        "Country_AU": "Australia",
        "Country_AW": "Aruba",
        "Country_AX": "Kepulauan Aland",
        "Country_AZ": "Azerbaijan",
        "Country_BA": "Bosnia dan Herzegovina",
        "Country_BB": "Barbados",
        "Country_BD": "Bangladesh",
        "Country_BE": "Belgium",
        "Country_BF": "Burkina Faso",
        "Country_BG": "Bulgaria",
        "Country_BH": "Bahrain",
        "Country_BI": "Burundi",
        "Country_BJ": "Benin",
        "Country_BL": "St. Barthelemy",
        "Country_BM": "Bermuda",
        "Country_BN": "Brunei",
        "Country_BO": "Bolivia",
        "Country_BQ": "Belanda Caribbean",
        "Country_BR": "Brazil",
        "Country_BS": "Bahamas",
        "Country_BT": "Bhutan",
        "Country_BV": "Pulau Bouvet",
        "Country_BW": "Botswana",
        "Country_BY": "Belarus",
        "Country_BZ": "Belize",
        "Country_CA": "Kanada",
        "Country_CC": "Kepulauan Cocos (Keeling)",
        "Country_CD": "Congo - Kinshasa",
        "Country_CF": "Republik Afrika Tengah",
        "Country_CG": "Congo - Brazzaville",
        "Country_CH": "Switzerland",
        "Country_CI": "Cote d’Ivoire",
        "Country_CK": "Kepulauan Cook",
        "Country_CL": "Chile",
        "Country_CM": "Cameroon",
        "Country_CN": "China",
        "Country_CO": "Colombia",
        "Country_CR": "Costa Rica",
        "Country_CU": "Cuba",
        "Country_CV": "Cape Verde",
        "Country_CW": "Curacao",
        "Country_CX": "Pulau Krismas",
        "Country_CY": "Cyprus",
        "Country_CZ": "Czechia",
        "Country_DE": "Jerman",
        "Country_DJ": "Djibouti",
        "Country_DK": "Denmark",
        "Country_DM": "Dominica",
        "Country_DO": "Republik Dominica",
        "Country_DZ": "Algeria",
        "Country_EC": "Ecuador",
        "Country_EE": "Estonia",
        "Country_EG": "Mesir",
        "Country_EH": "Sahara Barat",
        "Country_ER": "Eritrea",
        "Country_ES": "Sepanyol",
        "Country_ET": "Ethiopia",
        "Country_FI": "Finland",
        "Country_FJ": "Fiji",
        "Country_FK": "Kepulauan Falkland",
        "Country_FM": "Micronesia",
        "Country_FO": "Kepulauan Faroe",
        "Country_FR": "Perancis",
        "Country_GA": "Gabon",
        "Country_GB": "United Kingdom",
        "Country_GD": "Grenada",
        "Country_GE": "Georgia",
        "Country_GF": "Guiana Perancis",
        "Country_GG": "Guernsey",
        "Country_GH": "Ghana",
        "Country_GI": "Gibraltar",
        "Country_GL": "Greenland",
        "Country_GM": "Gambia",
        "Country_GN": "Guinea",
        "Country_GP": "Guadeloupe",
        "Country_GQ": "Guinea Khatulistiwa",
        "Country_GR": "Greece",
        "Country_GS": "Kepulauan Georgia Selatan & Sandwich Selatan",
        "Country_GT": "Guatemala",
        "Country_GU": "Guam",
        "Country_GW": "Guinea Bissau",
        "Country_GY": "Guyana",
        "Country_HK": "Hong Kong SAR China",
        "Country_HM": "Kepulauan Heard & McDonald",
        "Country_HN": "Honduras",
        "Country_HR": "Croatia",
        "Country_HT": "Haiti",
        "Country_HU": "Hungary",
        "Country_ID": "Indonesia",
        "Country_IE": "Ireland",
        "Country_IL": "Israel",
        "Country_IM": "Isle of Man",
        "Country_IN": "India",
        "Country_IO": "Wilayah Lautan Hindi British",
        "Country_IQ": "Iraq",
        "Country_IR": "Iran",
        "Country_IS": "Iceland",
        "Country_IT": "Itali",
        "Country_JE": "Jersey",
        "Country_JM": "Jamaica",
        "Country_JO": "Jordan",
        "Country_JP": "Jepun",
        "Country_KE": "Kenya",
        "Country_KG": "Kyrgyzstan",
        "Country_KH": "Kemboja",
        "Country_KI": "Kiribati",
        "Country_KM": "Comoros",
        "Country_KN": "Saint Kitts dan Nevis",
        "Country_KP": "Korea Utara",
        "Country_KR": "Korea Selatan",
        "Country_KW": "Kuwait",
        "Country_KY": "Kepulauan Cayman",
        "Country_KZ": "Kazakhstan",
        "Country_LA": "Laos",
        "Country_LB": "Lubnan",
        "Country_LC": "Saint Lucia",
        "Country_LI": "Liechtenstein",
        "Country_LK": "Sri Lanka",
        "Country_LR": "Liberia",
        "Country_LS": "Lesotho",
        "Country_LT": "Lithuania",
        "Country_LU": "Luxembourg",
        "Country_LV": "Latvia",
        "Country_LY": "Libya",
        "Country_MA": "Maghribi",
        "Country_MC": "Monaco",
        "Country_MD": "Moldova",
        "Country_ME": "Montenegro",
        "Country_MF": "Saint Martin",
        "Country_MG": "Madagaskar",
        "Country_MH": "Kepulauan Marshall",
        "Country_MK": "Macedonia Utara",
        "Country_ML": "Mali",
        "Country_MM": "Myanmar (Burma)",
        "Country_MN": "Mongolia",
        "Country_MO": "Macau SAR China",
        "Country_MP": "Kepulauan Mariana Utara",
        "Country_MQ": "Martinique",
        "Country_MR": "Mauritania",
        "Country_MS": "Montserrat",
        "Country_MT": "Malta",
        "Country_MU": "Mauritius",
        "Country_MV": "Maldives",
        "Country_MW": "Malawi",
        "Country_MX": "Mexico",
        "Country_MY": "Malaysia",
        "Country_MZ": "Mozambique",
        "Country_NA": "Namibia",
        "Country_NC": "New Caledonia",
        "Country_NE": "Niger",
        "Country_NF": "Pulau Norfolk",
        "Country_NG": "Nigeria",
        "Country_NI": "Nicaragua",
        "Country_NL": "Belanda",
        "Country_NO": "Norway",
        "Country_NP": "Nepal",
        "Country_NR": "Nauru",
        "Country_NU": "Niue",
        "Country_NZ": "New Zealand",
        "Country_OM": "Oman",
        "Country_PA": "Panama",
        "Country_PE": "Peru",
        "Country_PF": "Polinesia Perancis",
        "Country_PG": "Papua New Guinea",
        "Country_PH": "Filipina",
        "Country_PK": "Pakistan",
        "Country_PL": "Poland",
        "Country_PM": "Saint Pierre dan Miquelon",
        "Country_PN": "Kepulauan Pitcairn",
        "Country_PR": "Puerto Rico",
        "Country_PS": "Wilayah Palestin",
        "Country_PT": "Portugal",
        "Country_PW": "Palau",
        "Country_PY": "Paraguay",
        "Country_QA": "Qatar",
        "Country_RE": "Reunion",
        "Country_RO": "Romania",
        "Country_RS": "Serbia",
        "Country_RU": "Rusia",
        "Country_RW": "Rwanda",
        "Country_SA": "Arab Saudi",
        "Country_SB": "Kepulauan Solomon",
        "Country_SC": "Seychelles",
        "Country_SD": "Sudan",
        "Country_SE": "Sweden",
        "Country_SG": "Singapura",
        "Country_SH": "Saint Helena",
        "Country_SI": "Slovenia",
        "Country_SJ": "Svalbard dan Jan Mayen",
        "Country_SK": "Slovakia",
        "Country_SL": "Sierra Leone",
        "Country_SM": "San Marino",
        "Country_SN": "Senegal",
        "Country_SO": "Somalia",
        "Country_SR": "Surinam",
        "Country_SS": "Sudan Selatan",
        "Country_ST": "Sao Tome dan Principe",
        "Country_SV": "El Salvador",
        "Country_SX": "Sint Maarten",
        "Country_SY": "Syria",
        "Country_SZ": "Swaziland",
        "Country_TC": "Kepulauan Turks dan Caicos",
        "Country_TD": "Chad",
        "Country_TF": "Wilayah Selatan Perancis",
        "Country_TG": "Togo",
        "Country_TH": "Thailand",
        "Country_TJ": "Tajikistan",
        "Country_TK": "Tokelau",
        "Country_TL": "Timor-Leste",
        "Country_TM": "Turkmenistan",
        "Country_TN": "Tunisia",
        "Country_TO": "Tonga",
        "Country_TR": "Turki",
        "Country_TT": "Trinidad dan Tobago",
        "Country_TV": "Tuvalu",
        "Country_TW": "Taiwan",
        "Country_TZ": "Tanzania",
        "Country_UA": "Ukraine",
        "Country_UG": "Uganda",
        "Country_UM": "Kepulauan Terpencil A.S.",
        "Country_US": "Amerika Syarikat",
        "Country_UY": "Uruguay",
        "Country_UZ": "Uzbekistan",
        "Country_VA": "Kota Vatican",
        "Country_VC": "Saint Vincent dan Grenadines",
        "Country_VE": "Venezuela",
        "Country_VG": "Kepulauan Virgin British",
        "Country_VI": "Kepulauan Virgin A.S.",
        "Country_VN": "Vietnam",
        "Country_VU": "Vanuatu",
        "Country_WF": "Wallis dan Futuna",
        "Country_WS": "Samoa",
        "Country_YE": "Yaman",
        "Country_YT": "Mayotte",
        "Country_ZA": "Afrika Selatan",
        "Country_ZM": "Zambia",
        "Country_ZW": "Zimbabwe",
        "CurrencySymbol_AED": "AED",
        "CurrencySymbol_AFN": "AFN",
        "CurrencySymbol_ALL": "ALL",
        "CurrencySymbol_AMD": "AMD",
        "CurrencySymbol_ANG": "ANG",
        "CurrencySymbol_AOA": "AOA",
        "CurrencySymbol_ARS": "ARS",
        "CurrencySymbol_AUD": "A$",
        "CurrencySymbol_AWG": "AWG",
        "CurrencySymbol_AZN": "AZN",
        "CurrencySymbol_BAM": "BAM",
        "CurrencySymbol_BBD": "BBD",
        "CurrencySymbol_BDT": "BDT",
        "CurrencySymbol_BGN": "BGN",
        "CurrencySymbol_BHD": "BHD",
        "CurrencySymbol_BIF": "BIF",
        "CurrencySymbol_BMD": "BMD",
        "CurrencySymbol_BND": "BND",
        "CurrencySymbol_BOB": "BOB",
        "CurrencySymbol_BRL": "R$",
        "CurrencySymbol_BSD": "BSD",
        "CurrencySymbol_BTC": "BTC",
        "CurrencySymbol_BTN": "BTN",
        "CurrencySymbol_BWP": "BWP",
        "CurrencySymbol_BYN": "BYN",
        "CurrencySymbol_BZD": "BZD",
        "CurrencySymbol_CAD": "CAD",
        "CurrencySymbol_CDF": "CDF",
        "CurrencySymbol_CHF": "CHF",
        "CurrencySymbol_CLP": "CLP",
        "CurrencySymbol_CNY": "CN¥",
        "CurrencySymbol_COP": "COP",
        "CurrencySymbol_CRC": "CRC",
        "CurrencySymbol_CUC": "CUC",
        "CurrencySymbol_CUP": "CUP",
        "CurrencySymbol_CVE": "CVE",
        "CurrencySymbol_CZK": "CZK",
        "CurrencySymbol_DJF": "DJF",
        "CurrencySymbol_DKK": "DKK",
        "CurrencySymbol_DOP": "DOP",
        "CurrencySymbol_DZD": "DZD",
        "CurrencySymbol_EGP": "EGP",
        "CurrencySymbol_ERN": "ERN",
        "CurrencySymbol_ETB": "ETB",
        "CurrencySymbol_EUR": "€",
        "CurrencySymbol_FJD": "FJD",
        "CurrencySymbol_FKP": "FKP",
        "CurrencySymbol_GBP": "£",
        "CurrencySymbol_GEL": "GEL",
        "CurrencySymbol_GHS": "GHS",
        "CurrencySymbol_GIP": "GIP",
        "CurrencySymbol_GMD": "GMD",
        "CurrencySymbol_GNF": "GNF",
        "CurrencySymbol_GTQ": "GTQ",
        "CurrencySymbol_GYD": "GYD",
        "CurrencySymbol_HKD": "HK$",
        "CurrencySymbol_HNL": "HNL",
        "CurrencySymbol_HRK": "HRK",
        "CurrencySymbol_HTG": "HTG",
        "CurrencySymbol_HUF": "HUF",
        "CurrencySymbol_IDR": "IDR",
        "CurrencySymbol_ILS": "₪",
        "CurrencySymbol_INR": "₹",
        "CurrencySymbol_IQD": "IQD",
        "CurrencySymbol_IRR": "IRR",
        "CurrencySymbol_ISK": "ISK",
        "CurrencySymbol_JMD": "JMD",
        "CurrencySymbol_JOD": "JOD",
        "CurrencySymbol_JPY": "JP¥",
        "CurrencySymbol_KES": "KES",
        "CurrencySymbol_KGS": "KGS",
        "CurrencySymbol_KHR": "KHR",
        "CurrencySymbol_KMF": "KMF",
        "CurrencySymbol_KPW": "KPW",
        "CurrencySymbol_KRW": "₩",
        "CurrencySymbol_KWD": "KWD",
        "CurrencySymbol_KYD": "KYD",
        "CurrencySymbol_KZT": "KZT",
        "CurrencySymbol_LAK": "LAK",
        "CurrencySymbol_LBP": "LBP",
        "CurrencySymbol_LKR": "LKR",
        "CurrencySymbol_LRD": "LRD",
        "CurrencySymbol_LSL": "LSL",
        "CurrencySymbol_LYD": "LYD",
        "CurrencySymbol_MAD": "MAD",
        "CurrencySymbol_MDL": "MDL",
        "CurrencySymbol_MGA": "MGA",
        "CurrencySymbol_MKD": "MKD",
        "CurrencySymbol_MMK": "MMK",
        "CurrencySymbol_MNT": "MNT",
        "CurrencySymbol_MOP": "MOP",
        "CurrencySymbol_MRU": "MRU",
        "CurrencySymbol_MUR": "MUR",
        "CurrencySymbol_MVR": "MVR",
        "CurrencySymbol_MWK": "MWK",
        "CurrencySymbol_MXN": "MXN",
        "CurrencySymbol_MYR": "RM",
        "CurrencySymbol_MZN": "MZN",
        "CurrencySymbol_NAD": "NAD",
        "CurrencySymbol_NGN": "NGN",
        "CurrencySymbol_NIO": "NIO",
        "CurrencySymbol_NOK": "NOK",
        "CurrencySymbol_NPR": "NPR",
        "CurrencySymbol_NZD": "NZ$",
        "CurrencySymbol_OMR": "OMR",
        "CurrencySymbol_PAB": "PAB",
        "CurrencySymbol_PEN": "PEN",
        "CurrencySymbol_PGK": "PGK",
        "CurrencySymbol_PHP": "PHP",
        "CurrencySymbol_PKR": "PKR",
        "CurrencySymbol_PLN": "PLN",
        "CurrencySymbol_PYG": "PYG",
        "CurrencySymbol_QAR": "QAR",
        "CurrencySymbol_RON": "RON",
        "CurrencySymbol_RSD": "RSD",
        "CurrencySymbol_RUB": "RUB",
        "CurrencySymbol_RWF": "RWF",
        "CurrencySymbol_SAR": "SAR",
        "CurrencySymbol_SBD": "SBD",
        "CurrencySymbol_SCR": "SCR",
        "CurrencySymbol_SDG": "SDG",
        "CurrencySymbol_SEK": "SEK",
        "CurrencySymbol_SGD": "SGD",
        "CurrencySymbol_SHP": "SHP",
        "CurrencySymbol_SLL": "SLL",
        "CurrencySymbol_SOS": "SOS",
        "CurrencySymbol_SRD": "SRD",
        "CurrencySymbol_SSP": "SSP",
        "CurrencySymbol_STN": "STN",
        "CurrencySymbol_SYP": "SYP",
        "CurrencySymbol_SZL": "SZL",
        "CurrencySymbol_THB": "THB",
        "CurrencySymbol_TJS": "TJS",
        "CurrencySymbol_TMT": "TMT",
        "CurrencySymbol_TND": "TND",
        "CurrencySymbol_TOP": "TOP",
        "CurrencySymbol_TRY": "TRY",
        "CurrencySymbol_TTD": "TTD",
        "CurrencySymbol_TWD": "NT$",
        "CurrencySymbol_TZS": "TZS",
        "CurrencySymbol_UAH": "UAH",
        "CurrencySymbol_UGX": "UGX",
        "CurrencySymbol_USD": "USD",
        "CurrencySymbol_UYU": "UYU",
        "CurrencySymbol_UZS": "UZS",
        "CurrencySymbol_VES": "VES",
        "CurrencySymbol_VND": "₫",
        "CurrencySymbol_VUV": "VUV",
        "CurrencySymbol_WST": "WST",
        "CurrencySymbol_XAF": "FCFA",
        "CurrencySymbol_XCD": "EC$",
        "CurrencySymbol_XOF": "F CFA",
        "CurrencySymbol_XPF": "CFPF",
        "CurrencySymbol_YER": "YER",
        "CurrencySymbol_ZAR": "ZAR",
        "CurrencySymbol_ZMW": "ZMW",
        "Currency_AED": "Dirham Emiriah Arab Bersatu",
        "Currency_AFN": "Afghani Afghanistan",
        "Currency_ALL": "Lek Albania",
        "Currency_AMD": "Dram Armenia",
        "Currency_ANG": "Guilder Antillen Belanda",
        "Currency_AOA": "Kwanza Angola",
        "Currency_ARS": "Peso Argentina",
        "Currency_AUD": "Dolar Australia",
        "Currency_AWG": "Florin Aruba",
        "Currency_AZN": "Manat Azerbaijan",
        "Currency_BAM": "Mark Boleh Tukar Bosnia-Herzegovina",
        "Currency_BBD": "Dolar Barbados",
        "Currency_BDT": "Taka Bangladesh",
        "Currency_BGN": "Lev Bulgaria",
        "Currency_BHD": "Dinar Bahrain",
        "Currency_BIF": "Franc Burundi",
        "Currency_BMD": "Dolar Bermuda",
        "Currency_BND": "Dolar Brunei",
        "Currency_BOB": "Boliviano Bolivia",
        "Currency_BRL": "Real Brazil",
        "Currency_BSD": "Dolar Bahamas",
        "Currency_BTC": "Bitcoin",
        "Currency_BTN": "Ngultrum Bhutan",
        "Currency_BWP": "Pula Botswana",
        "Currency_BYN": "Rubel Belarus baharu",
        "Currency_BZD": "Dolar Belize",
        "Currency_CAD": "Dolar Kanada",
        "Currency_CDF": "Franc Congo",
        "Currency_CHF": "Franc Switzerland",
        "Currency_CLP": "Peso Chile",
        "Currency_CNY": "Yuan Cina",
        "Currency_COP": "Peso Colombia",
        "Currency_CRC": "Colon Costa Rica",
        "Currency_CUC": "Peso Boleh Tukar Cuba",
        "Currency_CUP": "Peso Cuba",
        "Currency_CVE": "Escudo Tanjung Verde",
        "Currency_CZK": "Koruna Republik Czech",
        "Currency_DJF": "Franc Djibouti",
        "Currency_DKK": "Krone Denmark",
        "Currency_DOP": "Peso Dominican",
        "Currency_DZD": "Dinar Algeria",
        "Currency_EGP": "Paun Mesir",
        "Currency_ERN": "Nakfa Eritrea",
        "Currency_ETB": "Birr Ethiopia",
        "Currency_EUR": "Euro",
        "Currency_FJD": "Dolar Fiji",
        "Currency_FKP": "Paun Kepulauan Falkland",
        "Currency_GBP": "Paun British",
        "Currency_GEL": "Lari Georgia",
        "Currency_GHS": "Cedi Ghana",
        "Currency_GIP": "Paun Gibraltar",
        "Currency_GMD": "Dalasi Gambia",
        "Currency_GNF": "Franc Guinea",
        "Currency_GTQ": "Quetzal Guatemala",
        "Currency_GYD": "Dolar Guyana",
        "Currency_HKD": "Dolar Hong Kong",
        "Currency_HNL": "Lempira Honduras",
        "Currency_HRK": "Kuna Croatia",
        "Currency_HTG": "Gourde Haiti",
        "Currency_HUF": "Forint Hungary",
        "Currency_IDR": "Rupiah Indonesia",
        "Currency_ILS": "Syekel Baharu Israel",
        "Currency_INR": "Rupee India",
        "Currency_IQD": "Dinar Iraq",
        "Currency_IRR": "Rial Iran",
        "Currency_ISK": "Krona Iceland",
        "Currency_JMD": "Dolar Jamaica",
        "Currency_JOD": "Dinar Jordan",
        "Currency_JPY": "Yen Jepun",
        "Currency_KES": "Syiling Kenya",
        "Currency_KGS": "Som Kyrgystani",
        "Currency_KHR": "Riel Kemboja",
        "Currency_KMF": "Franc Comoria",
        "Currency_KPW": "Won Korea Utara",
        "Currency_KRW": "Won Korea Selatan",
        "Currency_KWD": "Dinar Kuwait",
        "Currency_KYD": "Dolar Kepulauan Cayman",
        "Currency_KZT": "Tenge Kazakhstan",
        "Currency_LAK": "Kip Laos",
        "Currency_LBP": "Paun Lubnan",
        "Currency_LKR": "Rupee Sri Lanka",
        "Currency_LRD": "Dolar Liberia",
        "Currency_LSL": "Loti Lesotho",
        "Currency_LYD": "Dinar Libya",
        "Currency_MAD": "Dirham Maghribi",
        "Currency_MDL": "Leu Moldova",
        "Currency_MGA": "Ariary Malagasy",
        "Currency_MKD": "Denar Macedonia",
        "Currency_MMK": "Kyat Myanma",
        "Currency_MNT": "Tugrik Mongolia",
        "Currency_MOP": "Pataca Macau",
        "Currency_MRU": "Ouguiya Mauritania",
        "Currency_MUR": "Rupee Mauritius",
        "Currency_MVR": "Rufiyaa Maldives",
        "Currency_MWK": "Kwacha Malawi",
        "Currency_MXN": "Peso Mexico",
        "Currency_MYR": "Ringgit Malaysia",
        "Currency_MZN": "Metikal Mozambique",
        "Currency_NAD": "Dolar Namibia",
        "Currency_NGN": "Naira Nigeria",
        "Currency_NIO": "Cordoba Nicaragua",
        "Currency_NOK": "Krone Norway",
        "Currency_NPR": "Rupee Nepal",
        "Currency_NZD": "Dolar New Zealand",
        "Currency_OMR": "Rial Oman",
        "Currency_PAB": "Balboa Panama",
        "Currency_PEN": "Sol Peru",
        "Currency_PGK": "Kina Papua New Guinea",
        "Currency_PHP": "Peso Filipina",
        "Currency_PKR": "Rupee Pakistan",
        "Currency_PLN": "Zloty Poland",
        "Currency_PYG": "Guarani Paraguay",
        "Currency_QAR": "Rial Qatar",
        "Currency_RON": "Leu Romania",
        "Currency_RSD": "Dinar Serbia",
        "Currency_RUB": "Rubel Rusia",
        "Currency_RWF": "Franc Rwanda",
        "Currency_SAR": "Riyal Saudi",
        "Currency_SBD": "Dolar Kepulauan Solomon",
        "Currency_SCR": "Rupee Seychelles",
        "Currency_SDG": "Paun Sudan",
        "Currency_SEK": "Krona Sweden",
        "Currency_SGD": "Dolar Singapura",
        "Currency_SHP": "Paun Saint Helena",
        "Currency_SLL": "Leone Sierra Leone",
        "Currency_SOS": "Syiling Somali",
        "Currency_SRD": "Dolar Surinam",
        "Currency_SSP": "Paun Sudan selatan",
        "Currency_STN": "Dobra Sao Tome dan Principe",
        "Currency_SYP": "Paun Syria",
        "Currency_SZL": "Lilangeni Swazi",
        "Currency_THB": "Baht Thai",
        "Currency_TJS": "Somoni Tajikistan",
        "Currency_TMT": "Manat Turkmenistan",
        "Currency_TND": "Dinar Tunisia",
        "Currency_TOP": "Pa’anga Tonga",
        "Currency_TRY": "Lira Turki",
        "Currency_TTD": "Dolar Trinidad dan Tobago",
        "Currency_TWD": "Dolar Taiwan Baru",
        "Currency_TZS": "Syiling Tanzania",
        "Currency_UAH": "Hryvnia Ukraine",
        "Currency_UGX": "Syiling Uganda",
        "Currency_USD": "Dolar AS",
        "Currency_UYU": "Peso Uruguay",
        "Currency_UZS": "Som Uzbekistan",
        "Currency_VES": "Bolivar Venezuela",
        "Currency_VND": "Dong Vietnam",
        "Currency_VUV": "Vatu Vanuatu",
        "Currency_WST": "Tala Samoa",
        "Currency_XAF": "Franc CFA BEAC",
        "Currency_XCD": "Dolar Caribbean Timur",
        "Currency_XOF": "Franc CFA BCEAO",
        "Currency_XPF": "Franc CFP",
        "Currency_YER": "Rial Yaman",
        "Currency_ZAR": "Rand Afrika Selatan",
        "Currency_ZMW": "Kwacha Zambia",
        "Day_Long_1": "Isnin",
        "Day_Long_2": "Selasa",
        "Day_Long_3": "Rabu",
        "Day_Long_4": "Khamis",
        "Day_Long_5": "Jumaat",
        "Day_Long_6": "Sabtu",
        "Day_Long_7": "Ahad",
        "Day_Long_StandAlone_1": "Isnin",
        "Day_Long_StandAlone_2": "Selasa",
        "Day_Long_StandAlone_3": "Rabu",
        "Day_Long_StandAlone_4": "Khamis",
        "Day_Long_StandAlone_5": "Jumaat",
        "Day_Long_StandAlone_6": "Sabtu",
        "Day_Long_StandAlone_7": "Ahad",
        "Day_Min_1": "Is",
        "Day_Min_2": "Se",
        "Day_Min_3": "Ra",
        "Day_Min_4": "Kh",
        "Day_Min_5": "Ju",
        "Day_Min_6": "Sa",
        "Day_Min_7": "Ah",
        "Day_Min_StandAlone_1": "Is",
        "Day_Min_StandAlone_2": "Se",
        "Day_Min_StandAlone_3": "Ra",
        "Day_Min_StandAlone_4": "Kh",
        "Day_Min_StandAlone_5": "Ju",
        "Day_Min_StandAlone_6": "Sa",
        "Day_Min_StandAlone_7": "Ah",
        "Day_Short_1": "Isn",
        "Day_Short_2": "Sel",
        "Day_Short_3": "Rab",
        "Day_Short_4": "Kha",
        "Day_Short_5": "Jum",
        "Day_Short_6": "Sab",
        "Day_Short_7": "Ahd",
        "Day_Short_StandAlone_1": "Isn",
        "Day_Short_StandAlone_2": "Sel",
        "Day_Short_StandAlone_3": "Rab",
        "Day_Short_StandAlone_4": "Kha",
        "Day_Short_StandAlone_5": "Jum",
        "Day_Short_StandAlone_6": "Sab",
        "Day_Short_StandAlone_7": "Ahd",
        "EnglishLanguageName": "Malay",
        "Format_DateTime_Long": "EEEE, d MMMM y {time}",
        "Format_DateTime_Short": "d MMM y {time}",
        "Format_Date_Day_Month": "E, d MMM",
        "Format_Date_Long": "EEEE, d MMMM y",
        "Format_Date_Short": "d MMM y",
        "Format_Hour_12": "h a",
        "Format_Hour_24": "HH",
        "Format_Interval_Long_D": "d–d MMMM y",
        "Format_Interval_Long_M": "d MMMM – d MMMM, y",
        "Format_Interval_Long_Y": "d MMMM y – d MMMM y",
        "Format_Interval_Short_D": "d–d MMM y",
        "Format_Interval_Short_M": "d MMM – d MMM, y",
        "Format_Interval_Short_Y": "d MMM y – d MMM y",
        "Format_Month_Long": "MMMM y",
        "Format_Month_Short": "MMM y",
        "Format_Time": "{time}",
        "Format_Time_12": "h:mm:ss a",
        "Format_Time_24": "HH:mm:ss",
        "Format_Year": "y",
        "Hours": "jam",
        "Language_aa": "Afar",
        "Language_ab": "Abkhazia",
        "Language_ae": "Avestan",
        "Language_af": "Afrikaans",
        "Language_ak": "Akan",
        "Language_am": "Amharic",
        "Language_an": "Aragon",
        "Language_ar": "Arab",
        "Language_as": "Assam",
        "Language_av": "Avaric",
        "Language_ay": "Aymara",
        "Language_az": "Azerbaijan",
        "Language_ba": "Bashkir",
        "Language_be": "Belarus",
        "Language_bg": "Bulgaria",
        "Language_bi": "Bislama",
        "Language_bm": "Bambara",
        "Language_bn": "Benggali",
        "Language_bo": "Tibet",
        "Language_br": "Breton",
        "Language_bs": "Bosnia",
        "Language_ca": "Catalonia",
        "Language_ce": "Chechen",
        "Language_ch": "Chamorro",
        "Language_co": "Corsica",
        "Language_cs": "Czech",
        "Language_cu": "Slavik Gereja",
        "Language_cv": "Chuvash",
        "Language_cy": "Wales",
        "Language_da": "Denmark",
        "Language_de": "Jerman",
        "Language_dv": "Divehi",
        "Language_dz": "Dzongkha",
        "Language_ee": "Ewe",
        "Language_el": "Greek",
        "Language_en": "Inggeris",
        "Language_eo": "Esperanto",
        "Language_es": "Sepanyol",
        "Language_et": "Estonia",
        "Language_eu": "Basque",
        "Language_fa": "Parsi",
        "Language_ff": "Fulah",
        "Language_fi": "Finland",
        "Language_fj": "Fiji",
        "Language_fo": "Faroe",
        "Language_fr": "Perancis",
        "Language_fy": "Frisian Barat",
        "Language_ga": "Ireland",
        "Language_gd": "Scots Gaelic",
        "Language_gl": "Galicia",
        "Language_gn": "Guarani",
        "Language_gu": "Gujerat",
        "Language_gv": "Manx",
        "Language_ha": "Hausa",
        "Language_he": "Ibrani",
        "Language_hi": "Hindi",
        "Language_hr": "Croatia",
        "Language_ht": "Haiti",
        "Language_hu": "Hungary",
        "Language_hy": "Armenia",
        "Language_hz": "Herero",
        "Language_ia": "Interlingua",
        "Language_id": "Indonesia",
        "Language_ie": "Interlingue",
        "Language_ig": "Igbo",
        "Language_ii": "Sichuan Yi",
        "Language_io": "Ido",
        "Language_is": "Iceland",
        "Language_it": "Itali",
        "Language_iu": "Inuktitut",
        "Language_ja": "Jepun",
        "Language_jv": "Jawa",
        "Language_ka": "Georgia",
        "Language_kg": "Kongo",
        "Language_ki": "Kikuya",
        "Language_kj": "Kuanyama",
        "Language_kk": "Kazakhstan",
        "Language_kl": "Kalaallisut",
        "Language_km": "Khmer",
        "Language_kn": "Kannada",
        "Language_ko": "Korea",
        "Language_kr": "Kanuri",
        "Language_ks": "Kashmir",
        "Language_ku": "Kurdish",
        "Language_kv": "Komi",
        "Language_kw": "Cornish",
        "Language_ky": "Kirghiz",
        "Language_la": "Latin",
        "Language_lb": "Luxembourg",
        "Language_lg": "Ganda",
        "Language_li": "Limburgish",
        "Language_ln": "Lingala",
        "Language_lo": "Laos",
        "Language_lt": "Lithuania",
        "Language_lu": "Luba-Katanga",
        "Language_lv": "Latvia",
        "Language_mg": "Malagasy",
        "Language_mh": "Marshall",
        "Language_mi": "Maori",
        "Language_mk": "Macedonia",
        "Language_ml": "Malayalam",
        "Language_mn": "Mongolia",
        "Language_mr": "Marathi",
        "Language_ms": "Melayu",
        "Language_mt": "Malta",
        "Language_my": "Burma",
        "Language_na": "Nauru",
        "Language_nb": "Bokmål Norway",
        "Language_nd": "Ndebele Utara",
        "Language_ne": "Nepal",
        "Language_ng": "Ndonga",
        "Language_nl": "Belanda",
        "Language_nn": "Nynorsk Norway",
        "Language_no": "Norway",
        "Language_nr": "Ndebele Selatan",
        "Language_nv": "Navajo",
        "Language_ny": "Nyanja",
        "Language_oc": "Occitania",
        "Language_om": "Oromo",
        "Language_or": "Odia",
        "Language_os": "Ossete",
        "Language_pa": "Punjabi",
        "Language_pl": "Poland",
        "Language_ps": "Pashto",
        "Language_pt": "Portugis",
        "Language_qu": "Quechua",
        "Language_rm": "Romansh",
        "Language_rn": "Rundi",
        "Language_ro": "Romania",
        "Language_ru": "Rusia",
        "Language_rw": "Kinyarwanda",
        "Language_sa": "Sanskrit",
        "Language_sc": "Sardinia",
        "Language_sd": "Sindhi",
        "Language_se": "Sami Utara",
        "Language_sg": "Sango",
        "Language_si": "Sinhala",
        "Language_sk": "Slovak",
        "Language_sl": "Slovenia",
        "Language_sm": "Samoa",
        "Language_sn": "Shona",
        "Language_so": "Somali",
        "Language_sq": "Albania",
        "Language_sr": "Serbia",
        "Language_ss": "Swati",
        "Language_st": "Sotho Selatan",
        "Language_su": "Sunda",
        "Language_sv": "Sweden",
        "Language_sw": "Swahili",
        "Language_ta": "Tamil",
        "Language_te": "Telugu",
        "Language_tg": "Tajik",
        "Language_th": "Thai",
        "Language_ti": "Tigrinya",
        "Language_tk": "Turkmen",
        "Language_tn": "Tswana",
        "Language_to": "Tonga",
        "Language_tr": "Turki",
        "Language_ts": "Tsonga",
        "Language_tt": "Tatar",
        "Language_tw": "Twi",
        "Language_ty": "Tahiti",
        "Language_ug": "Uyghur",
        "Language_uk": "Ukraine",
        "Language_ur": "Urdu",
        "Language_uz": "Uzbekistan",
        "Language_ve": "Venda",
        "Language_vi": "Vietnam",
        "Language_vo": "Volapük",
        "Language_wa": "Walloon",
        "Language_wo": "Wolof",
        "Language_xh": "Xhosa",
        "Language_yi": "Yiddish",
        "Language_yo": "Yoruba",
        "Language_zh": "Cina",
        "Language_zu": "Zulu",
        "LayoutDirection": "ltr",
        "Minutes": "minit",
        "Month_Long_1": "Januari",
        "Month_Long_10": "Oktober",
        "Month_Long_11": "November",
        "Month_Long_12": "Disember",
        "Month_Long_2": "Februari",
        "Month_Long_3": "Mac",
        "Month_Long_4": "April",
        "Month_Long_5": "Mei",
        "Month_Long_6": "Jun",
        "Month_Long_7": "Julai",
        "Month_Long_8": "Ogos",
        "Month_Long_9": "September",
        "Month_Long_StandAlone_1": "Januari",
        "Month_Long_StandAlone_10": "Oktober",
        "Month_Long_StandAlone_11": "November",
        "Month_Long_StandAlone_12": "Disember",
        "Month_Long_StandAlone_2": "Februari",
        "Month_Long_StandAlone_3": "Mac",
        "Month_Long_StandAlone_4": "April",
        "Month_Long_StandAlone_5": "Mei",
        "Month_Long_StandAlone_6": "Jun",
        "Month_Long_StandAlone_7": "Julai",
        "Month_Long_StandAlone_8": "Ogos",
        "Month_Long_StandAlone_9": "September",
        "Month_Short_1": "Jan",
        "Month_Short_10": "Okt",
        "Month_Short_11": "Nov",
        "Month_Short_12": "Dis",
        "Month_Short_2": "Feb",
        "Month_Short_3": "Mac",
        "Month_Short_4": "Apr",
        "Month_Short_5": "Mei",
        "Month_Short_6": "Jun",
        "Month_Short_7": "Jul",
        "Month_Short_8": "Ogo",
        "Month_Short_9": "Sep",
        "Month_Short_StandAlone_1": "Jan",
        "Month_Short_StandAlone_10": "Okt",
        "Month_Short_StandAlone_11": "Nov",
        "Month_Short_StandAlone_12": "Dis",
        "Month_Short_StandAlone_2": "Feb",
        "Month_Short_StandAlone_3": "Mac",
        "Month_Short_StandAlone_4": "Apr",
        "Month_Short_StandAlone_5": "Mei",
        "Month_Short_StandAlone_6": "Jun",
        "Month_Short_StandAlone_7": "Jul",
        "Month_Short_StandAlone_8": "Ogo",
        "Month_Short_StandAlone_9": "Sep",
        "NDays": "%s hari",
        "NHoursShort": "%s j",
        "NMinutes": "%s minit",
        "NMinutesShort": "%s min",
        "NSeconds": "%s saat",
        "NSecondsShort": "%s s",
        "NumberFormatCurrency": "¤#,##0.00",
        "NumberFormatNumber": "#,##0.###",
        "NumberFormatPercent": "#,##0%",
        "NumberSymbolDecimal": ".",
        "NumberSymbolGroup": ",",
        "NumberSymbolMinus": "-",
        "NumberSymbolPercent": "%",
        "NumberSymbolPlus": "+",
        "OneDay": "1 hari",
        "OneMinute": "1 minit",
        "OneMinuteShort": "1 min",
        "OriginalLanguageName": "Melayu",
        "PeriodDay": "hari",
        "PeriodDays": "hari",
        "PeriodMonth": "bulan",
        "PeriodMonths": "bulan",
        "PeriodWeek": "minggu",
        "PeriodWeeks": "minggu",
        "PeriodYear": "tahun",
        "PeriodYears": "tahun",
        "Seconds": "saat",
        "Time_AM": "PG",
        "Time_PM": "PTG",
        "Timezone_Africa_Asmera": "Asmara",
        "Timezone_Africa_Ceuta": "Ceuta",
        "Timezone_Africa_Kinshasa": "Kinshasa",
        "Timezone_Africa_Lubumbashi": "Lubumbashi",
        "Timezone_America_Adak": "Adak",
        "Timezone_America_Anchorage": "Anchorage",
        "Timezone_America_Araguaina": "Araguaina",
        "Timezone_America_Argentina_LaRioja": "La Rioja",
        "Timezone_America_Argentina_RioGallegos": "Rio Gallegos",
        "Timezone_America_Argentina_Salta": "Salta",
        "Timezone_America_Argentina_SanJuan": "San Juan",
        "Timezone_America_Argentina_SanLuis": "San Luis",
        "Timezone_America_Argentina_Tucuman": "Tucuman",
        "Timezone_America_Argentina_Ushuaia": "Ushuaia",
        "Timezone_America_Bahia": "Bahia",
        "Timezone_America_BahiaBanderas": "Bahia Banderas",
        "Timezone_America_Belem": "Belem",
        "Timezone_America_Blanc-Sablon": "Blanc-Sablon",
        "Timezone_America_BoaVista": "Boa Vista",
        "Timezone_America_Boise": "Boise",
        "Timezone_America_BuenosAires": "Buenos Aires",
        "Timezone_America_CambridgeBay": "Teluk Cambridge",
        "Timezone_America_CampoGrande": "Campo Grande",
        "Timezone_America_Cancun": "Cancun",
        "Timezone_America_Catamarca": "Catamarca",
        "Timezone_America_Chicago": "Chicago",
        "Timezone_America_Chihuahua": "Chihuahua",
        "Timezone_America_CoralHarbour": "Atikokan",
        "Timezone_America_Cordoba": "Cordoba",
        "Timezone_America_Creston": "Creston",
        "Timezone_America_Cuiaba": "Cuiaba",
        "Timezone_America_Danmarkshavn": "Danmarkshavn",
        "Timezone_America_Dawson": "Dawson",
        "Timezone_America_DawsonCreek": "Dawson Creek",
        "Timezone_America_Denver": "Denver",
        "Timezone_America_Detroit": "Detroit",
        "Timezone_America_Edmonton": "Edmonton",
        "Timezone_America_Eirunepe": "Eirunepe",
        "Timezone_America_FortNelson": "Fort Nelson",
        "Timezone_America_Fortaleza": "Fortaleza",
        "Timezone_America_GlaceBay": "Teluk Glace",
        "Timezone_America_Godthab": "Nuuk",
        "Timezone_America_GooseBay": "Teluk Goose",
        "Timezone_America_Guayaquil": "Guayaquil",
        "Timezone_America_Halifax": "Halifax",
        "Timezone_America_Hermosillo": "Hermosillo",
        "Timezone_America_Indiana_Knox": "Knox, Indiana",
        "Timezone_America_Indiana_Marengo": "Marengo, Indiana",
        "Timezone_America_Indiana_Petersburg": "Petersburg, Indiana",
        "Timezone_America_Indiana_TellCity": "Tell City, Indiana",
        "Timezone_America_Indiana_Vevay": "Vevay, Indiana",
        "Timezone_America_Indiana_Vincennes": "Vincennes, Indiana",
        "Timezone_America_Indiana_Winamac": "Winamac, Indiana",
        "Timezone_America_Indianapolis": "Indianapolis",
        "Timezone_America_Inuvik": "Inuvik",
        "Timezone_America_Iqaluit": "Iqaluit",
        "Timezone_America_Jujuy": "Jujuy",
        "Timezone_America_Juneau": "Juneau",
        "Timezone_America_Kentucky_Monticello": "Monticello, Kentucky",
        "Timezone_America_LosAngeles": "Los Angeles",
        "Timezone_America_Louisville": "Louisville",
        "Timezone_America_Maceio": "Maceio",
        "Timezone_America_Manaus": "Manaus",
        "Timezone_America_Matamoros": "Matamoros",
        "Timezone_America_Mazatlan": "Mazatlan",
        "Timezone_America_Mendoza": "Mendoza",
        "Timezone_America_Menominee": "Menominee",
        "Timezone_America_Merida": "Merida",
        "Timezone_America_Metlakatla": "Metlakatla",
        "Timezone_America_MexicoCity": "Mexico City",
        "Timezone_America_Moncton": "Moncton",
        "Timezone_America_Monterrey": "Monterrey",
        "Timezone_America_NewYork": "New York",
        "Timezone_America_Nipigon": "Nipigon",
        "Timezone_America_Nome": "Nome",
        "Timezone_America_Noronha": "Noronha",
        "Timezone_America_NorthDakota_Beulah": "Beulah, North Dakota",
        "Timezone_America_NorthDakota_Center": "Center, North Dakota",
        "Timezone_America_NorthDakota_NewSalem": "New Salem, North Dakota",
        "Timezone_America_Ojinaga": "Ojinaga",
        "Timezone_America_Pangnirtung": "Pangnirtung",
        "Timezone_America_Phoenix": "Phoenix",
        "Timezone_America_PortoVelho": "Porto Velho",
        "Timezone_America_PuntaArenas": "Punta Arenas",
        "Timezone_America_RainyRiver": "Sungai Rainy",
        "Timezone_America_RankinInlet": "Rankin Inlet",
        "Timezone_America_Recife": "Recife",
        "Timezone_America_Regina": "Regina",
        "Timezone_America_Resolute": "Resolute",
        "Timezone_America_RioBranco": "Rio Branco",
        "Timezone_America_SantaIsabel": "Santa Isabel",
        "Timezone_America_Santarem": "Santarem",
        "Timezone_America_Santiago": "Santiago",
        "Timezone_America_SaoPaulo": "Sao Paulo",
        "Timezone_America_Scoresbysund": "Ittoqqortoormiit",
        "Timezone_America_Sitka": "Sitka",
        "Timezone_America_StJohns": "St. John’s",
        "Timezone_America_SwiftCurrent": "Swift Current",
        "Timezone_America_Thule": "Thule",
        "Timezone_America_ThunderBay": "Thunder Bay",
        "Timezone_America_Tijuana": "Tijuana",
        "Timezone_America_Toronto": "Toronto",
        "Timezone_America_Vancouver": "Vancouver",
        "Timezone_America_Whitehorse": "Whitehorse",
        "Timezone_America_Winnipeg": "Winnipeg",
        "Timezone_America_Yakutat": "Yakutat",
        "Timezone_America_Yellowknife": "Yellowknife",
        "Timezone_Antarctica_Casey": "Casey",
        "Timezone_Antarctica_Davis": "Davis",
        "Timezone_Antarctica_DumontDUrville": "Dumont d’Urville",
        "Timezone_Antarctica_Macquarie": "Macquarie",
        "Timezone_Antarctica_Mawson": "Mawson",
        "Timezone_Antarctica_McMurdo": "McMurdo",
        "Timezone_Antarctica_Palmer": "Palmer",
        "Timezone_Antarctica_Rothera": "Rothera",
        "Timezone_Antarctica_Syowa": "Syowa",
        "Timezone_Antarctica_Troll": "Troll",
        "Timezone_Antarctica_Vostok": "Vostok",
        "Timezone_Asia_Almaty": "Almaty",
        "Timezone_Asia_Anadyr": "Anadyr",
        "Timezone_Asia_Aqtau": "Aqtau",
        "Timezone_Asia_Aqtobe": "Aqtobe",
        "Timezone_Asia_Atyrau": "Atyrau",
        "Timezone_Asia_Barnaul": "Barnaul",
        "Timezone_Asia_Calcutta": "Kolkata",
        "Timezone_Asia_Chita": "Chita",
        "Timezone_Asia_Choibalsan": "Choibalsan",
        "Timezone_Asia_Famagusta": "Famagusta",
        "Timezone_Asia_Gaza": "Gaza",
        "Timezone_Asia_Hebron": "Hebron",
        "Timezone_Asia_Hovd": "Hovd",
        "Timezone_Asia_Irkutsk": "Irkutsk",
        "Timezone_Asia_Jakarta": "Jakarta",
        "Timezone_Asia_Jayapura": "Jayapura",
        "Timezone_Asia_Kamchatka": "Kamchatka",
        "Timezone_Asia_Katmandu": "Kathmandu",
        "Timezone_Asia_Khandyga": "Khandyga",
        "Timezone_Asia_Krasnoyarsk": "Krasnoyarsk",
        "Timezone_Asia_KualaLumpur": "Kuala Lumpur",
        "Timezone_Asia_Kuching": "Kuching",
        "Timezone_Asia_Magadan": "Magadan",
        "Timezone_Asia_Makassar": "Makassar",
        "Timezone_Asia_Nicosia": "Nicosia",
        "Timezone_Asia_Novokuznetsk": "Novokuznetsk",
        "Timezone_Asia_Novosibirsk": "Novosibirsk",
        "Timezone_Asia_Omsk": "Omsk",
        "Timezone_Asia_Oral": "Oral",
        "Timezone_Asia_Pontianak": "Pontianak",
        "Timezone_Asia_Qostanay": "Kostanay",
        "Timezone_Asia_Qyzylorda": "Qyzylorda",
        "Timezone_Asia_Rangoon": "Yangon",
        "Timezone_Asia_Saigon": "Ho Chi Minh",
        "Timezone_Asia_Sakhalin": "Sakhalin",
        "Timezone_Asia_Samarkand": "Samarkand",
        "Timezone_Asia_Shanghai": "Shanghai",
        "Timezone_Asia_Srednekolymsk": "Srednekolymsk",
        "Timezone_Asia_Tashkent": "Tashkent",
        "Timezone_Asia_Tomsk": "Tomsk",
        "Timezone_Asia_Ulaanbaatar": "Ulaanbaatar",
        "Timezone_Asia_Urumqi": "Urumqi",
        "Timezone_Asia_Ust-Nera": "Ust-Nera",
        "Timezone_Asia_Vladivostok": "Vladivostok",
        "Timezone_Asia_Yakutsk": "Yakutsk",
        "Timezone_Asia_Yekaterinburg": "Yekaterinburg",
        "Timezone_Atlantic_Azores": "Azores",
        "Timezone_Atlantic_Canary": "Canary",
        "Timezone_Atlantic_Faeroe": "Faroe",
        "Timezone_Atlantic_Madeira": "Madeira",
        "Timezone_Australia_Adelaide": "Adelaide",
        "Timezone_Australia_Brisbane": "Brisbane",
        "Timezone_Australia_BrokenHill": "Broken Hill",
        "Timezone_Australia_Currie": "Currie",
        "Timezone_Australia_Darwin": "Darwin",
        "Timezone_Australia_Eucla": "Eucla",
        "Timezone_Australia_Hobart": "Hobart",
        "Timezone_Australia_Lindeman": "Lindeman",
        "Timezone_Australia_LordHowe": "Lord Howe",
        "Timezone_Australia_Melbourne": "Melbourne",
        "Timezone_Australia_Perth": "Perth",
        "Timezone_Australia_Sydney": "Sydney",
        "Timezone_Europe_Astrakhan": "Astrakhan",
        "Timezone_Europe_Berlin": "Berlin",
        "Timezone_Europe_Busingen": "Busingen",
        "Timezone_Europe_Kaliningrad": "Kaliningrad",
        "Timezone_Europe_Kiev": "Kiev",
        "Timezone_Europe_Kirov": "Kirov",
        "Timezone_Europe_Lisbon": "Lisbon",
        "Timezone_Europe_Madrid": "Madrid",
        "Timezone_Europe_Moscow": "Moscow",
        "Timezone_Europe_Samara": "Samara",
        "Timezone_Europe_Saratov": "Saratov",
        "Timezone_Europe_Simferopol": "Simferopol",
        "Timezone_Europe_Ulyanovsk": "Ulyanovsk",
        "Timezone_Europe_Uzhgorod": "Uzhgorod",
        "Timezone_Europe_Volgograd": "Volgograd",
        "Timezone_Europe_Zaporozhye": "Zaporozhye",
        "Timezone_Pacific_Auckland": "Auckland",
        "Timezone_Pacific_Bougainville": "Bougainville",
        "Timezone_Pacific_Chatham": "Chatham",
        "Timezone_Pacific_Easter": "Easter",
        "Timezone_Pacific_Enderbury": "Enderbury",
        "Timezone_Pacific_Galapagos": "Galapagos",
        "Timezone_Pacific_Gambier": "Gambier",
        "Timezone_Pacific_Honolulu": "Honolulu",
        "Timezone_Pacific_Johnston": "Johnston",
        "Timezone_Pacific_Kiritimati": "Kiritimati",
        "Timezone_Pacific_Kosrae": "Kosrae",
        "Timezone_Pacific_Kwajalein": "Kwajalein",
        "Timezone_Pacific_Majuro": "Majuro",
        "Timezone_Pacific_Marquesas": "Marquesas",
        "Timezone_Pacific_Midway": "Midway",
        "Timezone_Pacific_Ponape": "Pohnpei",
        "Timezone_Pacific_PortMoresby": "Port Moresby",
        "Timezone_Pacific_Tahiti": "Tahiti",
        "Timezone_Pacific_Tarawa": "Tarawa",
        "Timezone_Pacific_Truk": "Chuuk",
        "Timezone_Pacific_Wake": "Wake",
        "Today": "Hari ini",
        "Year_Short": "thn",
        "Yesterday": "Semalam"
    }
}