{
    "Intl": {
        "Continent_afr": "África",
        "Continent_amc": "América Central",
        "Continent_amn": "América do Norte",
        "Continent_ams": "América do Sul",
        "Continent_ant": "Antártida",
        "Continent_asi": "Ásia",
        "Continent_eur": "Europa",
        "Continent_oce": "Oceânia",
        "Country_AD": "Andorra",
        "Country_AE": "Emirados Árabes Unidos",
        "Country_AF": "Afeganistão",
        "Country_AG": "Antígua e Barbuda",
        "Country_AI": "Anguila",
        "Country_AL": "Albânia",
        "Country_AM": "Arménia",
        "Country_AO": "Angola",
        "Country_AQ": "Antártida",
        "Country_AR": "Argentina",
        "Country_AS": "Samoa Americana",
        "Country_AT": "Áustria",
        "Country_AU": "Austrália",
        "Country_AW": "Aruba",
        "Country_AX": "Alanda",
        "Country_AZ": "Azerbaijão",
        "Country_BA": "Bósnia e Herzegovina",
        "Country_BB": "Barbados",
        "Country_BD": "Bangladeche",
        "Country_BE": "Bélgica",
        "Country_BF": "Burquina Faso",
        "Country_BG": "Bulgária",
        "Country_BH": "Barém",
        "Country_BI": "Burundi",
        "Country_BJ": "Benim",
        "Country_BL": "São Bartolomeu",
        "Country_BM": "Bermudas",
        "Country_BN": "Brunei",
        "Country_BO": "Bolívia",
        "Country_BQ": "Países Baixos Caribenhos",
        "Country_BR": "Brasil",
        "Country_BS": "Baamas",
        "Country_BT": "Butão",
        "Country_BV": "Ilha Bouvet",
        "Country_BW": "Botsuana",
        "Country_BY": "Bielorrússia",
        "Country_BZ": "Belize",
        "Country_CA": "Canadá",
        "Country_CC": "Ilhas dos Cocos (Keeling)",
        "Country_CD": "Congo-Kinshasa",
        "Country_CF": "República Centro-Africana",
        "Country_CG": "Congo-Brazzaville",
        "Country_CH": "Suíça",
        "Country_CI": "Côte d’Ivoire (Costa do Marfim)",
        "Country_CK": "Ilhas Cook",
        "Country_CL": "Chile",
        "Country_CM": "Camarões",
        "Country_CN": "China",
        "Country_CO": "Colômbia",
        "Country_CR": "Costa Rica",
        "Country_CU": "Cuba",
        "Country_CV": "Cabo Verde",
        "Country_CW": "Curaçau",
        "Country_CX": "Ilha do Natal",
        "Country_CY": "Chipre",
        "Country_CZ": "Chéquia",
        "Country_DE": "Alemanha",
        "Country_DJ": "Jibuti",
        "Country_DK": "Dinamarca",
        "Country_DM": "Domínica",
        "Country_DO": "República Dominicana",
        "Country_DZ": "Argélia",
        "Country_EC": "Equador",
        "Country_EE": "Estónia",
        "Country_EG": "Egito",
        "Country_EH": "Sara Ocidental",
        "Country_ER": "Eritreia",
        "Country_ES": "Espanha",
        "Country_ET": "Etiópia",
        "Country_FI": "Finlândia",
        "Country_FJ": "Fiji",
        "Country_FK": "Ilhas Falkland",
        "Country_FM": "Micronésia",
        "Country_FO": "Ilhas Faroé",
        "Country_FR": "França",
        "Country_GA": "Gabão",
        "Country_GB": "Reino Unido",
        "Country_GD": "Granada",
        "Country_GE": "Geórgia",
        "Country_GF": "Guiana Francesa",
        "Country_GG": "Guernesey",
        "Country_GH": "Gana",
        "Country_GI": "Gibraltar",
        "Country_GL": "Gronelândia",
        "Country_GM": "Gâmbia",
        "Country_GN": "Guiné",
        "Country_GP": "Guadalupe",
        "Country_GQ": "Guiné Equatorial",
        "Country_GR": "Grécia",
        "Country_GS": "Ilhas Geórgia do Sul e Sandwich do Sul",
        "Country_GT": "Guatemala",
        "Country_GU": "Guame",
        "Country_GW": "Guiné-Bissau",
        "Country_GY": "Guiana",
        "Country_HK": "Hong Kong, RAE da China",
        "Country_HM": "Ilhas Heard e McDonald",
        "Country_HN": "Honduras",
        "Country_HR": "Croácia",
        "Country_HT": "Haiti",
        "Country_HU": "Hungria",
        "Country_ID": "Indonésia",
        "Country_IE": "Irlanda",
        "Country_IL": "Israel",
        "Country_IM": "Ilha de Man",
        "Country_IN": "Índia",
        "Country_IO": "Território Britânico do Oceano Índico",
        "Country_IQ": "Iraque",
        "Country_IR": "Irão",
        "Country_IS": "Islândia",
        "Country_IT": "Itália",
        "Country_JE": "Jersey",
        "Country_JM": "Jamaica",
        "Country_JO": "Jordânia",
        "Country_JP": "Japão",
        "Country_KE": "Quénia",
        "Country_KG": "Quirguistão",
        "Country_KH": "Camboja",
        "Country_KI": "Quiribáti",
        "Country_KM": "Comores",
        "Country_KN": "São Cristóvão e Neves",
        "Country_KP": "Coreia do Norte",
        "Country_KR": "Coreia do Sul",
        "Country_KW": "Koweit",
        "Country_KY": "Ilhas Caimão",
        "Country_KZ": "Cazaquistão",
        "Country_LA": "Laos",
        "Country_LB": "Líbano",
        "Country_LC": "Santa Lúcia",
        "Country_LI": "Listenstaine",
        "Country_LK": "Sri Lanca",
        "Country_LR": "Libéria",
        "Country_LS": "Lesoto",
        "Country_LT": "Lituânia",
        "Country_LU": "Luxemburgo",
        "Country_LV": "Letónia",
        "Country_LY": "Líbia",
        "Country_MA": "Marrocos",
        "Country_MC": "Mónaco",
        "Country_MD": "Moldávia",
        "Country_ME": "Montenegro",
        "Country_MF": "São Martinho (Saint-Martin)",
        "Country_MG": "Madagáscar",
        "Country_MH": "Ilhas Marshall",
        "Country_MK": "Macedónia do Norte",
        "Country_ML": "Mali",
        "Country_MM": "Mianmar (Birmânia)",
        "Country_MN": "Mongólia",
        "Country_MO": "Macau, RAE da China",
        "Country_MP": "Ilhas Marianas do Norte",
        "Country_MQ": "Martinica",
        "Country_MR": "Mauritânia",
        "Country_MS": "Monserrate",
        "Country_MT": "Malta",
        "Country_MU": "Maurícia",
        "Country_MV": "Maldivas",
        "Country_MW": "Maláui",
        "Country_MX": "México",
        "Country_MY": "Malásia",
        "Country_MZ": "Moçambique",
        "Country_NA": "Namíbia",
        "Country_NC": "Nova Caledónia",
        "Country_NE": "Níger",
        "Country_NF": "Ilha Norfolk",
        "Country_NG": "Nigéria",
        "Country_NI": "Nicarágua",
        "Country_NL": "Países Baixos",
        "Country_NO": "Noruega",
        "Country_NP": "Nepal",
        "Country_NR": "Nauru",
        "Country_NU": "Niuê",
        "Country_NZ": "Nova Zelândia",
        "Country_OM": "Omã",
        "Country_PA": "Panamá",
        "Country_PE": "Peru",
        "Country_PF": "Polinésia Francesa",
        "Country_PG": "Papua-Nova Guiné",
        "Country_PH": "Filipinas",
        "Country_PK": "Paquistão",
        "Country_PL": "Polónia",
        "Country_PM": "São Pedro e Miquelão",
        "Country_PN": "Ilhas Pitcairn",
        "Country_PR": "Porto Rico",
        "Country_PS": "Territórios palestinianos",
        "Country_PT": "Portugal",
        "Country_PW": "Palau",
        "Country_PY": "Paraguai",
        "Country_QA": "Catar",
        "Country_RE": "Reunião",
        "Country_RO": "Roménia",
        "Country_RS": "Sérvia",
        "Country_RU": "Rússia",
        "Country_RW": "Ruanda",
        "Country_SA": "Arábia Saudita",
        "Country_SB": "Ilhas Salomão",
        "Country_SC": "Seicheles",
        "Country_SD": "Sudão",
        "Country_SE": "Suécia",
        "Country_SG": "Singapura",
        "Country_SH": "Santa Helena",
        "Country_SI": "Eslovénia",
        "Country_SJ": "Svalbard e Jan Mayen",
        "Country_SK": "Eslováquia",
        "Country_SL": "Serra Leoa",
        "Country_SM": "São Marinho",
        "Country_SN": "Senegal",
        "Country_SO": "Somália",
        "Country_SR": "Suriname",
        "Country_SS": "Sudão do Sul",
        "Country_ST": "São Tomé e Príncipe",
        "Country_SV": "Salvador",
        "Country_SX": "São Martinho (Sint Maarten)",
        "Country_SY": "Síria",
        "Country_SZ": "Essuatíni",
        "Country_TC": "Ilhas Turcas e Caicos",
        "Country_TD": "Chade",
        "Country_TF": "Territórios Austrais Franceses",
        "Country_TG": "Togo",
        "Country_TH": "Tailândia",
        "Country_TJ": "Tajiquistão",
        "Country_TK": "Toquelau",
        "Country_TL": "Timor-Leste",
        "Country_TM": "Turquemenistão",
        "Country_TN": "Tunísia",
        "Country_TO": "Tonga",
        "Country_TR": "Turquia",
        "Country_TT": "Trindade e Tobago",
        "Country_TV": "Tuvalu",
        "Country_TW": "Taiwan",
        "Country_TZ": "Tanzânia",
        "Country_UA": "Ucrânia",
        "Country_UG": "Uganda",
        "Country_UM": "Ilhas Menores Afastadas dos EUA",
        "Country_US": "Estados Unidos",
        "Country_UY": "Uruguai",
        "Country_UZ": "Usbequistão",
        "Country_VA": "Cidade do Vaticano",
        "Country_VC": "São Vicente e Granadinas",
        "Country_VE": "Venezuela",
        "Country_VG": "Ilhas Virgens Britânicas",
        "Country_VI": "Ilhas Virgens dos EUA",
        "Country_VN": "Vietname",
        "Country_VU": "Vanuatu",
        "Country_WF": "Wallis e Futuna",
        "Country_WS": "Samoa",
        "Country_YE": "Iémen",
        "Country_YT": "Maiote",
        "Country_ZA": "África do Sul",
        "Country_ZM": "Zâmbia",
        "Country_ZW": "Zimbabué",
        "CurrencySymbol_AED": "AED",
        "CurrencySymbol_AFN": "AFN",
        "CurrencySymbol_ALL": "ALL",
        "CurrencySymbol_AMD": "AMD",
        "CurrencySymbol_ANG": "ANG",
        "CurrencySymbol_AOA": "AOA",
        "CurrencySymbol_ARS": "ARS",
        "CurrencySymbol_AUD": "AU$",
        "CurrencySymbol_AWG": "AWG",
        "CurrencySymbol_AZN": "AZN",
        "CurrencySymbol_BAM": "BAM",
        "CurrencySymbol_BBD": "BBD",
        "CurrencySymbol_BDT": "BDT",
        "CurrencySymbol_BGN": "BGN",
        "CurrencySymbol_BHD": "BHD",
        "CurrencySymbol_BIF": "BIF",
        "CurrencySymbol_BMD": "BMD",
        "CurrencySymbol_BND": "BND",
        "CurrencySymbol_BOB": "BOB",
        "CurrencySymbol_BRL": "R$",
        "CurrencySymbol_BSD": "BSD",
        "CurrencySymbol_BTC": "BTC",
        "CurrencySymbol_BTN": "BTN",
        "CurrencySymbol_BWP": "BWP",
        "CurrencySymbol_BYN": "BYN",
        "CurrencySymbol_BZD": "BZD",
        "CurrencySymbol_CAD": "CA$",
        "CurrencySymbol_CDF": "CDF",
        "CurrencySymbol_CHF": "CHF",
        "CurrencySymbol_CLP": "CLP",
        "CurrencySymbol_CNY": "CN¥",
        "CurrencySymbol_COP": "COP",
        "CurrencySymbol_CRC": "CRC",
        "CurrencySymbol_CUC": "CUC",
        "CurrencySymbol_CUP": "CUP",
        "CurrencySymbol_CVE": "CVE",
        "CurrencySymbol_CZK": "CZK",
        "CurrencySymbol_DJF": "DJF",
        "CurrencySymbol_DKK": "DKK",
        "CurrencySymbol_DOP": "DOP",
        "CurrencySymbol_DZD": "DZD",
        "CurrencySymbol_EGP": "EGP",
        "CurrencySymbol_ERN": "ERN",
        "CurrencySymbol_ETB": "ETB",
        "CurrencySymbol_EUR": "€",
        "CurrencySymbol_FJD": "FJD",
        "CurrencySymbol_FKP": "FKP",
        "CurrencySymbol_GBP": "£",
        "CurrencySymbol_GEL": "GEL",
        "CurrencySymbol_GHS": "GHS",
        "CurrencySymbol_GIP": "GIP",
        "CurrencySymbol_GMD": "GMD",
        "CurrencySymbol_GNF": "GNF",
        "CurrencySymbol_GTQ": "GTQ",
        "CurrencySymbol_GYD": "GYD",
        "CurrencySymbol_HKD": "HK$",
        "CurrencySymbol_HNL": "HNL",
        "CurrencySymbol_HRK": "HRK",
        "CurrencySymbol_HTG": "HTG",
        "CurrencySymbol_HUF": "HUF",
        "CurrencySymbol_IDR": "IDR",
        "CurrencySymbol_ILS": "₪",
        "CurrencySymbol_INR": "₹",
        "CurrencySymbol_IQD": "IQD",
        "CurrencySymbol_IRR": "IRR",
        "CurrencySymbol_ISK": "ISK",
        "CurrencySymbol_JMD": "JMD",
        "CurrencySymbol_JOD": "JOD",
        "CurrencySymbol_JPY": "JP¥",
        "CurrencySymbol_KES": "KES",
        "CurrencySymbol_KGS": "KGS",
        "CurrencySymbol_KHR": "KHR",
        "CurrencySymbol_KMF": "KMF",
        "CurrencySymbol_KPW": "KPW",
        "CurrencySymbol_KRW": "₩",
        "CurrencySymbol_KWD": "KWD",
        "CurrencySymbol_KYD": "KYD",
        "CurrencySymbol_KZT": "KZT",
        "CurrencySymbol_LAK": "LAK",
        "CurrencySymbol_LBP": "LBP",
        "CurrencySymbol_LKR": "LKR",
        "CurrencySymbol_LRD": "LRD",
        "CurrencySymbol_LSL": "L",
        "CurrencySymbol_LYD": "LYD",
        "CurrencySymbol_MAD": "MAD",
        "CurrencySymbol_MDL": "MDL",
        "CurrencySymbol_MGA": "MGA",
        "CurrencySymbol_MKD": "MKD",
        "CurrencySymbol_MMK": "MMK",
        "CurrencySymbol_MNT": "MNT",
        "CurrencySymbol_MOP": "MOP",
        "CurrencySymbol_MRU": "MRU",
        "CurrencySymbol_MUR": "MUR",
        "CurrencySymbol_MVR": "MVR",
        "CurrencySymbol_MWK": "MWK",
        "CurrencySymbol_MXN": "MX$",
        "CurrencySymbol_MYR": "MYR",
        "CurrencySymbol_MZN": "MZN",
        "CurrencySymbol_NAD": "NAD",
        "CurrencySymbol_NGN": "NGN",
        "CurrencySymbol_NIO": "NIO",
        "CurrencySymbol_NOK": "NOK",
        "CurrencySymbol_NPR": "NPR",
        "CurrencySymbol_NZD": "NZ$",
        "CurrencySymbol_OMR": "OMR",
        "CurrencySymbol_PAB": "PAB",
        "CurrencySymbol_PEN": "PEN",
        "CurrencySymbol_PGK": "PGK",
        "CurrencySymbol_PHP": "PHP",
        "CurrencySymbol_PKR": "PKR",
        "CurrencySymbol_PLN": "PLN",
        "CurrencySymbol_PYG": "PYG",
        "CurrencySymbol_QAR": "QAR",
        "CurrencySymbol_RON": "RON",
        "CurrencySymbol_RSD": "RSD",
        "CurrencySymbol_RUB": "RUB",
        "CurrencySymbol_RWF": "RWF",
        "CurrencySymbol_SAR": "SAR",
        "CurrencySymbol_SBD": "SBD",
        "CurrencySymbol_SCR": "SCR",
        "CurrencySymbol_SDG": "SDG",
        "CurrencySymbol_SEK": "SEK",
        "CurrencySymbol_SGD": "SGD",
        "CurrencySymbol_SHP": "SHP",
        "CurrencySymbol_SLE": "Le",
        "CurrencySymbol_SLL": "SLL",
        "CurrencySymbol_SOS": "SOS",
        "CurrencySymbol_SRD": "SRD",
        "CurrencySymbol_SSP": "SSP",
        "CurrencySymbol_STN": "STN",
        "CurrencySymbol_SYP": "SYP",
        "CurrencySymbol_SZL": "SZL",
        "CurrencySymbol_THB": "฿",
        "CurrencySymbol_TJS": "TJS",
        "CurrencySymbol_TMT": "TMT",
        "CurrencySymbol_TND": "TND",
        "CurrencySymbol_TOP": "TOP",
        "CurrencySymbol_TRY": "TRY",
        "CurrencySymbol_TTD": "TTD",
        "CurrencySymbol_TWD": "NT$",
        "CurrencySymbol_TZS": "TZS",
        "CurrencySymbol_UAH": "UAH",
        "CurrencySymbol_UGX": "UGX",
        "CurrencySymbol_USD": "US$",
        "CurrencySymbol_UYU": "UYU",
        "CurrencySymbol_UZS": "UZS",
        "CurrencySymbol_VES": "VES",
        "CurrencySymbol_VND": "₫",
        "CurrencySymbol_VUV": "VUV",
        "CurrencySymbol_WST": "WST",
        "CurrencySymbol_XAF": "FCFA",
        "CurrencySymbol_XCD": "EC$",
        "CurrencySymbol_XOF": "F CFA",
        "CurrencySymbol_XPF": "CFPF",
        "CurrencySymbol_YER": "YER",
        "CurrencySymbol_ZAR": "ZAR",
        "CurrencySymbol_ZMW": "ZMW",
        "Currency_AED": "Dirham dos Emirados Árabes Unidos",
        "Currency_AFN": "Afegâni afegão",
        "Currency_ALL": "Lek albanês",
        "Currency_AMD": "Dram arménio",
        "Currency_ANG": "Florim das Antilhas Holandesas",
        "Currency_AOA": "Kwanza angolano",
        "Currency_ARS": "Peso argentino",
        "Currency_AUD": "Dólar australiano",
        "Currency_AWG": "Florim de Aruba",
        "Currency_AZN": "Manat azeri",
        "Currency_BAM": "Marco bósnio-herzegóvino conversível",
        "Currency_BBD": "Dólar barbadense",
        "Currency_BDT": "Taka bengali",
        "Currency_BGN": "Lev búlgaro",
        "Currency_BHD": "Dinar baremita",
        "Currency_BIF": "Franco burundiano",
        "Currency_BMD": "Dólar bermudense",
        "Currency_BND": "Dólar bruneano",
        "Currency_BOB": "Boliviano",
        "Currency_BRL": "Real brasileiro",
        "Currency_BSD": "Dólar das Bahamas",
        "Currency_BTC": "Bitcoin",
        "Currency_BTN": "Ngultrum butanês",
        "Currency_BWP": "Pula de Botswana",
        "Currency_BYN": "Rublo bielorrusso",
        "Currency_BZD": "Dólar belizense",
        "Currency_CAD": "Dólar canadiano",
        "Currency_CDF": "Franco congolês",
        "Currency_CHF": "Franco suíço",
        "Currency_CLP": "Peso chileno",
        "Currency_CNY": "Yuan",
        "Currency_COP": "Peso colombiano",
        "Currency_CRC": "Colon costa-riquenho",
        "Currency_CUC": "Peso cubano conversível",
        "Currency_CUP": "Peso cubano",
        "Currency_CVE": "Escudo cabo-verdiano",
        "Currency_CZK": "Coroa checa",
        "Currency_DJF": "Franco jibutiano",
        "Currency_DKK": "Coroa dinamarquesa",
        "Currency_DOP": "Peso dominicano",
        "Currency_DZD": "Dinar argelino",
        "Currency_EGP": "Libra egípcia",
        "Currency_ERN": "Nakfa eritreia",
        "Currency_ETB": "Birr etíope",
        "Currency_EUR": "Euro",
        "Currency_FJD": "Dólar fijiano",
        "Currency_FKP": "Libra das Ilhas Falkland",
        "Currency_GBP": "Libra esterlina britânica",
        "Currency_GEL": "Lari georgiano",
        "Currency_GHS": "Cedi ganês",
        "Currency_GIP": "Libra de Gibraltar",
        "Currency_GMD": "Dalasi gambiano",
        "Currency_GNF": "Franco guineense",
        "Currency_GTQ": "Quetzal da Guatemala",
        "Currency_GYD": "Dólar da Guiana",
        "Currency_HKD": "Dólar de Hong Kong",
        "Currency_HNL": "Lempira das Honduras",
        "Currency_HRK": "Kuna croata",
        "Currency_HTG": "Gourde haitiano",
        "Currency_HUF": "Forint húngaro",
        "Currency_IDR": "Rupia indonésia",
        "Currency_ILS": "Sheqel novo israelita",
        "Currency_INR": "Rupia indiana",
        "Currency_IQD": "Dinar iraquiano",
        "Currency_IRR": "Rial iraniano",
        "Currency_ISK": "Coroa islandesa",
        "Currency_JMD": "Dólar jamaicano",
        "Currency_JOD": "Dinar jordaniano",
        "Currency_JPY": "Iene japonês",
        "Currency_KES": "Xelim queniano",
        "Currency_KGS": "Som quirguiz",
        "Currency_KHR": "Riel cambojano",
        "Currency_KMF": "Franco comoriano",
        "Currency_KPW": "Won norte-coreano",
        "Currency_KRW": "Won sul-coreano",
        "Currency_KWD": "Dinar kuwaitiano",
        "Currency_KYD": "Dólar das Ilhas Caimão",
        "Currency_KZT": "Tenge cazaque",
        "Currency_LAK": "Kip laosiano",
        "Currency_LBP": "Libra libanesa",
        "Currency_LKR": "Rupia do Sri Lanka",
        "Currency_LRD": "Dólar liberiano",
        "Currency_LSL": "Loti lesotiano",
        "Currency_LYD": "Dinar líbio",
        "Currency_MAD": "Dirham marroquino",
        "Currency_MDL": "Leu moldavo",
        "Currency_MGA": "Ariari malgaxe",
        "Currency_MKD": "Dinar macedónio",
        "Currency_MMK": "Kyat de Mianmar",
        "Currency_MNT": "Tugrik mongol",
        "Currency_MOP": "Pataca macaense",
        "Currency_MRU": "Ouguiya mauritana",
        "Currency_MUR": "Rupia mauriciana",
        "Currency_MVR": "Rupia maldivana",
        "Currency_MWK": "Kwacha malauiano",
        "Currency_MXN": "Peso mexicano",
        "Currency_MYR": "Ringgit malaio",
        "Currency_MZN": "Metical moçambicano",
        "Currency_NAD": "Dólar namibiano",
        "Currency_NGN": "Naira nigeriana",
        "Currency_NIO": "Córdoba nicaraguano",
        "Currency_NOK": "Coroa norueguesa",
        "Currency_NPR": "Rupia nepalesa",
        "Currency_NZD": "Dólar neozelandês",
        "Currency_OMR": "Rial omanense",
        "Currency_PAB": "Balboa do Panamá",
        "Currency_PEN": "Sol peruano",
        "Currency_PGK": "Kina papuásia",
        "Currency_PHP": "Peso filipino",
        "Currency_PKR": "Rupia paquistanesa",
        "Currency_PLN": "Zloti polaco",
        "Currency_PYG": "Guarani paraguaio",
        "Currency_QAR": "Rial catarense",
        "Currency_RON": "Leu romeno",
        "Currency_RSD": "Dinar sérvio",
        "Currency_RUB": "Rublo russo",
        "Currency_RWF": "Franco ruandês",
        "Currency_SAR": "Rial saudita",
        "Currency_SBD": "Dólar das Ilhas Salomão",
        "Currency_SCR": "Rupia seichelense",
        "Currency_SDG": "Libra sudanesa",
        "Currency_SEK": "Coroa sueca",
        "Currency_SGD": "Dólar singapuriano",
        "Currency_SHP": "Libra santa-helenense",
        "Currency_SLE": "Sierra Leonean leone",
        "Currency_SLL": "Leone de Serra Leoa",
        "Currency_SOS": "Xelim somali",
        "Currency_SRD": "Dólar do Suriname",
        "Currency_SSP": "Libra sul-sudanesa",
        "Currency_STN": "Dobra de São Tomé e Príncipe",
        "Currency_SYP": "Libra síria",
        "Currency_SZL": "Lilangeni suázi",
        "Currency_THB": "Baht tailandês",
        "Currency_TJS": "Somoni tajique",
        "Currency_TMT": "Manat turcomeno",
        "Currency_TND": "Dinar tunisino",
        "Currency_TOP": "Paʻanga tonganesa",
        "Currency_TRY": "Lira turca",
        "Currency_TTD": "Dólar de Trindade e Tobago",
        "Currency_TWD": "Novo dólar taiwanês",
        "Currency_TZS": "Xelim tanzaniano",
        "Currency_UAH": "Hryvnia ucraniano",
        "Currency_UGX": "Xelim ugandense",
        "Currency_USD": "Dólar dos Estados Unidos",
        "Currency_UYU": "Peso uruguaio",
        "Currency_UZS": "Som uzbeque",
        "Currency_VES": "Bolívar",
        "Currency_VND": "Dong vietnamita",
        "Currency_VUV": "Vatu de Vanuatu",
        "Currency_WST": "Tala samoano",
        "Currency_XAF": "Franco CFA (BEAC)",
        "Currency_XCD": "Dólar das Caraíbas Orientais",
        "Currency_XOF": "Franco CFA (BCEAO)",
        "Currency_XPF": "Franco CFP",
        "Currency_YER": "Rial iemenita",
        "Currency_ZAR": "Rand sul-africano",
        "Currency_ZMW": "Kwacha zambiano",
        "Day_Long_1": "segunda-feira",
        "Day_Long_2": "terça-feira",
        "Day_Long_3": "quarta-feira",
        "Day_Long_4": "quinta-feira",
        "Day_Long_5": "sexta-feira",
        "Day_Long_6": "sábado",
        "Day_Long_7": "domingo",
        "Day_Long_StandAlone_1": "segunda-feira",
        "Day_Long_StandAlone_2": "terça-feira",
        "Day_Long_StandAlone_3": "quarta-feira",
        "Day_Long_StandAlone_4": "quinta-feira",
        "Day_Long_StandAlone_5": "sexta-feira",
        "Day_Long_StandAlone_6": "sábado",
        "Day_Long_StandAlone_7": "domingo",
        "Day_Min_1": "seg.",
        "Day_Min_2": "ter.",
        "Day_Min_3": "qua.",
        "Day_Min_4": "qui.",
        "Day_Min_5": "sex.",
        "Day_Min_6": "sáb.",
        "Day_Min_7": "dom.",
        "Day_Min_StandAlone_1": "seg.",
        "Day_Min_StandAlone_2": "ter.",
        "Day_Min_StandAlone_3": "qua.",
        "Day_Min_StandAlone_4": "qui.",
        "Day_Min_StandAlone_5": "sex.",
        "Day_Min_StandAlone_6": "sáb.",
        "Day_Min_StandAlone_7": "dom.",
        "Day_Short_1": "segunda",
        "Day_Short_2": "terça",
        "Day_Short_3": "quarta",
        "Day_Short_4": "quinta",
        "Day_Short_5": "sexta",
        "Day_Short_6": "sábado",
        "Day_Short_7": "domingo",
        "Day_Short_StandAlone_1": "segunda",
        "Day_Short_StandAlone_2": "terça",
        "Day_Short_StandAlone_3": "quarta",
        "Day_Short_StandAlone_4": "quinta",
        "Day_Short_StandAlone_5": "sexta",
        "Day_Short_StandAlone_6": "sábado",
        "Day_Short_StandAlone_7": "domingo",
        "EnglishLanguageName": "Portuguese",
        "Format_DateTime_Long": "EEEE, d 'de' MMMM 'de' y {time}",
        "Format_DateTime_Short": "dd\/MM\/y {time}",
        "Format_Date_Day_Month": "E, d\/MM",
        "Format_Date_Long": "EEEE, d 'de' MMMM 'de' y",
        "Format_Date_Short": "dd\/MM\/y",
        "Format_Hour_12": "h a",
        "Format_Hour_24": "HH",
        "Format_Interval_Long_D": "d–d 'de' MMMM 'de' y",
        "Format_Interval_Long_M": "d 'de' MMMM – d 'de' MMMM 'de' y",
        "Format_Interval_Long_Y": "d 'de' MMMM 'de' y – d 'de' MMMM 'de' y",
        "Format_Interval_Short_D": "d–d 'de' MMM 'de' y",
        "Format_Interval_Short_M": "d 'de' MMM – d 'de' MMM 'de' y",
        "Format_Interval_Short_Y": "d 'de' MMM 'de' y – d 'de' MMM 'de' y",
        "Format_Month_Long": "MMMM 'de' y",
        "Format_Month_Short": "MM\/y",
        "Format_Time": "{time}",
        "Format_Time_12": "h:mm:ss a",
        "Format_Time_24": "HH:mm:ss",
        "Format_Year": "y",
        "Hours": "horas",
        "Language_aa": "Afar",
        "Language_ab": "Abcázio",
        "Language_ae": "Avéstico",
        "Language_af": "Africanês",
        "Language_ak": "Akan",
        "Language_am": "Amárico",
        "Language_an": "Aragonês",
        "Language_ar": "Árabe",
        "Language_as": "Assamês",
        "Language_av": "Avar",
        "Language_ay": "Aimará",
        "Language_az": "Azerbaijano",
        "Language_ba": "Bashkir",
        "Language_be": "Bielorrusso",
        "Language_bg": "Búlgaro",
        "Language_bi": "Bislamá",
        "Language_bm": "Bambara",
        "Language_bn": "Bengalês",
        "Language_bo": "Tibetano",
        "Language_br": "Bretão",
        "Language_bs": "Bósnio",
        "Language_ca": "Catalão",
        "Language_ce": "Checheno",
        "Language_ch": "Chamorro",
        "Language_co": "Córsico",
        "Language_cr": "Cree",
        "Language_cs": "Checo",
        "Language_cu": "Eslavo eclesiástico",
        "Language_cv": "Chuvash",
        "Language_cy": "Galês",
        "Language_da": "Dinamarquês",
        "Language_de": "Alemão",
        "Language_dv": "Divehi",
        "Language_dz": "Dzonga",
        "Language_ee": "Ewe",
        "Language_el": "Grego",
        "Language_en": "Inglês",
        "Language_eo": "Esperanto",
        "Language_es": "Espanhol",
        "Language_et": "Estónio",
        "Language_eu": "Basco",
        "Language_fa": "Persa",
        "Language_ff": "Fula",
        "Language_fi": "Finlandês",
        "Language_fj": "Fijiano",
        "Language_fo": "Feroês",
        "Language_fr": "Francês",
        "Language_fy": "Frísico ocidental",
        "Language_ga": "Irlandês",
        "Language_gd": "Gaélico escocês",
        "Language_gl": "Galego",
        "Language_gn": "Guarani",
        "Language_gu": "Guzerate",
        "Language_gv": "Manx",
        "Language_ha": "Haúça",
        "Language_he": "Hebraico",
        "Language_hi": "Hindi",
        "Language_ho": "Hiri motu",
        "Language_hr": "Croata",
        "Language_ht": "Haitiano",
        "Language_hu": "Húngaro",
        "Language_hy": "Arménio",
        "Language_hz": "Herero",
        "Language_ia": "Interlíngua",
        "Language_id": "Indonésio",
        "Language_ie": "Interlingue",
        "Language_ig": "Igbo",
        "Language_ii": "Sichuan yi",
        "Language_ik": "Inupiaque",
        "Language_io": "Ido",
        "Language_is": "Islandês",
        "Language_it": "Italiano",
        "Language_iu": "Inuktitut",
        "Language_ja": "Japonês",
        "Language_jv": "Javanês",
        "Language_ka": "Georgiano",
        "Language_kg": "Congolês",
        "Language_ki": "Quicuio",
        "Language_kj": "Cuanhama",
        "Language_kk": "Cazaque",
        "Language_kl": "Gronelandês",
        "Language_km": "Khmer",
        "Language_kn": "Canarim",
        "Language_ko": "Coreano",
        "Language_kr": "Canúri",
        "Language_ks": "Caxemira",
        "Language_ku": "Curdo",
        "Language_kv": "Komi",
        "Language_kw": "Córnico",
        "Language_ky": "Quirguiz",
        "Language_la": "Latim",
        "Language_lb": "Luxemburguês",
        "Language_lg": "Ganda",
        "Language_li": "Limburguês",
        "Language_ln": "Lingala",
        "Language_lo": "Laosiano",
        "Language_lt": "Lituano",
        "Language_lu": "Luba-catanga",
        "Language_lv": "Letão",
        "Language_mg": "Malgaxe",
        "Language_mh": "Marshalês",
        "Language_mi": "Maori",
        "Language_mk": "Macedónio",
        "Language_ml": "Malaiala",
        "Language_mn": "Mongol",
        "Language_mr": "Marata",
        "Language_ms": "Malaio",
        "Language_mt": "Maltês",
        "Language_my": "Birmanês",
        "Language_na": "Nauruano",
        "Language_nb": "Norueguês bokmål",
        "Language_nd": "Ndebele do norte",
        "Language_ne": "Nepalês",
        "Language_ng": "Dongo",
        "Language_nl": "Neerlandês",
        "Language_nn": "Norueguês nynorsk",
        "Language_no": "Norueguês",
        "Language_nr": "Ndebele do sul",
        "Language_nv": "Navajo",
        "Language_ny": "Nianja",
        "Language_oc": "Occitano",
        "Language_oj": "Ojibwa",
        "Language_om": "Oromo",
        "Language_or": "Oriá",
        "Language_os": "Ossético",
        "Language_pa": "Panjabi",
        "Language_pi": "Páli",
        "Language_pl": "Polaco",
        "Language_ps": "Pastó",
        "Language_pt": "Português",
        "Language_qu": "Quíchua",
        "Language_rm": "Romanche",
        "Language_rn": "Rundi",
        "Language_ro": "Romeno",
        "Language_ru": "Russo",
        "Language_rw": "Quiniaruanda",
        "Language_sa": "Sânscrito",
        "Language_sc": "Sardo",
        "Language_sd": "Sindi",
        "Language_se": "Sami do norte",
        "Language_sg": "Sango",
        "Language_si": "Cingalês",
        "Language_sk": "Eslovaco",
        "Language_sl": "Esloveno",
        "Language_sm": "Samoano",
        "Language_sn": "Shona",
        "Language_so": "Somali",
        "Language_sq": "Albanês",
        "Language_sr": "Sérvio",
        "Language_ss": "Suázi",
        "Language_st": "Sesoto",
        "Language_su": "Sundanês",
        "Language_sv": "Sueco",
        "Language_sw": "Suaíli",
        "Language_ta": "Tâmil",
        "Language_te": "Telugu",
        "Language_tg": "Tajique",
        "Language_th": "Tailandês",
        "Language_ti": "Tigrínia",
        "Language_tk": "Turcomano",
        "Language_tl": "Tagalo",
        "Language_tn": "Tswana",
        "Language_to": "Tonga",
        "Language_tr": "Turco",
        "Language_ts": "Tsonga",
        "Language_tt": "Tatar",
        "Language_tw": "Twi",
        "Language_ty": "Taitiano",
        "Language_ug": "Uigur",
        "Language_uk": "Ucraniano",
        "Language_ur": "Urdu",
        "Language_uz": "Usbeque",
        "Language_ve": "Venda",
        "Language_vi": "Vietnamita",
        "Language_vo": "Volapuque",
        "Language_wa": "Valão",
        "Language_wo": "Uólofe",
        "Language_xh": "Xosa",
        "Language_yi": "Iídiche",
        "Language_yo": "Ioruba",
        "Language_za": "Zhuang",
        "Language_zh": "Chinês",
        "Language_zu": "Zulu",
        "LayoutDirection": "ltr",
        "ListPatternAnd2": "{0} e {1}",
        "ListPatternAndEnd": "{0} e {1}",
        "ListPatternAndMiddle": "{0}, {1}",
        "ListPatternAndStart": "{0}, {1}",
        "ListPatternOr2": "{0} ou {1}",
        "ListPatternOrEnd": "{0} ou {1}",
        "ListPatternOrMiddle": "{0}, {1}",
        "ListPatternOrStart": "{0}, {1}",
        "Minutes": "minutos",
        "Month_Long_1": "janeiro",
        "Month_Long_10": "outubro",
        "Month_Long_11": "novembro",
        "Month_Long_12": "dezembro",
        "Month_Long_2": "fevereiro",
        "Month_Long_3": "março",
        "Month_Long_4": "abril",
        "Month_Long_5": "maio",
        "Month_Long_6": "junho",
        "Month_Long_7": "julho",
        "Month_Long_8": "agosto",
        "Month_Long_9": "setembro",
        "Month_Long_StandAlone_1": "janeiro",
        "Month_Long_StandAlone_10": "outubro",
        "Month_Long_StandAlone_11": "novembro",
        "Month_Long_StandAlone_12": "dezembro",
        "Month_Long_StandAlone_2": "fevereiro",
        "Month_Long_StandAlone_3": "março",
        "Month_Long_StandAlone_4": "abril",
        "Month_Long_StandAlone_5": "maio",
        "Month_Long_StandAlone_6": "junho",
        "Month_Long_StandAlone_7": "julho",
        "Month_Long_StandAlone_8": "agosto",
        "Month_Long_StandAlone_9": "setembro",
        "Month_Short_1": "jan.",
        "Month_Short_10": "out.",
        "Month_Short_11": "nov.",
        "Month_Short_12": "dez.",
        "Month_Short_2": "fev.",
        "Month_Short_3": "mar.",
        "Month_Short_4": "abr.",
        "Month_Short_5": "mai.",
        "Month_Short_6": "jun.",
        "Month_Short_7": "jul.",
        "Month_Short_8": "ago.",
        "Month_Short_9": "set.",
        "Month_Short_StandAlone_1": "jan.",
        "Month_Short_StandAlone_10": "out.",
        "Month_Short_StandAlone_11": "nov.",
        "Month_Short_StandAlone_12": "dez.",
        "Month_Short_StandAlone_2": "fev.",
        "Month_Short_StandAlone_3": "mar.",
        "Month_Short_StandAlone_4": "abr.",
        "Month_Short_StandAlone_5": "mai.",
        "Month_Short_StandAlone_6": "jun.",
        "Month_Short_StandAlone_7": "jul.",
        "Month_Short_StandAlone_8": "ago.",
        "Month_Short_StandAlone_9": "set.",
        "NDays": "%s dias",
        "NHoursShort": "%s h",
        "NMinutes": "%s minutos",
        "NMinutesShort": "%s min",
        "NSeconds": "%s segundos",
        "NSecondsShort": "%s s",
        "NumberFormatCurrency": "#,##0.00 ¤",
        "NumberFormatNumber": "#,##0.###",
        "NumberFormatPercent": "#,##0%",
        "NumberSymbolDecimal": ",",
        "NumberSymbolGroup": " ",
        "NumberSymbolMinus": "-",
        "NumberSymbolPercent": "%",
        "NumberSymbolPlus": "+",
        "OneDay": "1 dia",
        "OneMinute": "1 minuto",
        "OneMinuteShort": "1 min",
        "OriginalLanguageName": "Português europeu",
        "PeriodDay": "dia",
        "PeriodDays": "dias",
        "PeriodMonth": "mês",
        "PeriodMonths": "meses",
        "PeriodWeek": "semana",
        "PeriodWeeks": "semanas",
        "PeriodYear": "ano",
        "PeriodYears": "anos",
        "Seconds": "segundos",
        "Time_AM": "da manhã",
        "Time_PM": "da tarde",
        "Timezone_Africa_Asmera": "Asmara",
        "Timezone_Africa_Ceuta": "Ceuta",
        "Timezone_Africa_Kinshasa": "Kinshasa",
        "Timezone_Africa_Lubumbashi": "Lubumbashi",
        "Timezone_America_Adak": "Adak",
        "Timezone_America_Anchorage": "Anchorage",
        "Timezone_America_Araguaina": "Araguaina",
        "Timezone_America_Argentina_LaRioja": "La Rioja",
        "Timezone_America_Argentina_RioGallegos": "Rio Gallegos",
        "Timezone_America_Argentina_Salta": "Salta",
        "Timezone_America_Argentina_SanJuan": "San Juan",
        "Timezone_America_Argentina_SanLuis": "San Luis",
        "Timezone_America_Argentina_Tucuman": "Tucumán",
        "Timezone_America_Argentina_Ushuaia": "Ushuaia",
        "Timezone_America_Bahia": "Baía",
        "Timezone_America_BahiaBanderas": "Bahia Banderas",
        "Timezone_America_Belem": "Belém",
        "Timezone_America_Blanc-Sablon": "Blanc-Sablon",
        "Timezone_America_BoaVista": "Boa Vista",
        "Timezone_America_Boise": "Boise",
        "Timezone_America_BuenosAires": "Buenos Aires",
        "Timezone_America_CambridgeBay": "Cambridge Bay",
        "Timezone_America_CampoGrande": "Campo Grande",
        "Timezone_America_Cancun": "Cancun",
        "Timezone_America_Catamarca": "Catamarca",
        "Timezone_America_Chicago": "Chicago",
        "Timezone_America_Chihuahua": "Chihuahua",
        "Timezone_America_CiudadJuarez": "Ciudad Juárez",
        "Timezone_America_CoralHarbour": "Atikokan",
        "Timezone_America_Cordoba": "Córdoba",
        "Timezone_America_Creston": "Creston",
        "Timezone_America_Cuiaba": "Cuiabá",
        "Timezone_America_Danmarkshavn": "Danmarkshavn",
        "Timezone_America_Dawson": "Dawson",
        "Timezone_America_DawsonCreek": "Dawson Creek",
        "Timezone_America_Denver": "Denver",
        "Timezone_America_Detroit": "Detroit",
        "Timezone_America_Edmonton": "Edmonton",
        "Timezone_America_Eirunepe": "Eirunepé",
        "Timezone_America_FortNelson": "Fort Nelson",
        "Timezone_America_Fortaleza": "Fortaleza",
        "Timezone_America_GlaceBay": "Glace Bay",
        "Timezone_America_Godthab": "Nuuk",
        "Timezone_America_GooseBay": "Goose Bay",
        "Timezone_America_Guayaquil": "Guaiaquil",
        "Timezone_America_Halifax": "Halifax",
        "Timezone_America_Hermosillo": "Hermosillo",
        "Timezone_America_Indiana_Knox": "Knox, Indiana",
        "Timezone_America_Indiana_Marengo": "Marengo, Indiana",
        "Timezone_America_Indiana_Petersburg": "Petersburg, Indiana",
        "Timezone_America_Indiana_TellCity": "Tell City, Indiana",
        "Timezone_America_Indiana_Vevay": "Vevay, Indiana",
        "Timezone_America_Indiana_Vincennes": "Vincennes, Indiana",
        "Timezone_America_Indiana_Winamac": "Winamac, Indiana",
        "Timezone_America_Indianapolis": "Indianápolis",
        "Timezone_America_Inuvik": "Inuvik",
        "Timezone_America_Iqaluit": "Iqaluit",
        "Timezone_America_Jujuy": "Jujuy",
        "Timezone_America_Juneau": "Juneau",
        "Timezone_America_Kentucky_Monticello": "Monticello, Kentucky",
        "Timezone_America_LosAngeles": "Los Angeles",
        "Timezone_America_Louisville": "Louisville",
        "Timezone_America_Maceio": "Maceió",
        "Timezone_America_Manaus": "Manaus",
        "Timezone_America_Matamoros": "Matamoros",
        "Timezone_America_Mazatlan": "Mazatlan",
        "Timezone_America_Mendoza": "Mendoza",
        "Timezone_America_Menominee": "Menominee",
        "Timezone_America_Merida": "Mérida",
        "Timezone_America_Metlakatla": "Metlakatla",
        "Timezone_America_MexicoCity": "Cidade do México",
        "Timezone_America_Moncton": "Moncton",
        "Timezone_America_Monterrey": "Monterrey",
        "Timezone_America_NewYork": "Nova Iorque",
        "Timezone_America_Nipigon": "Nipigon",
        "Timezone_America_Nome": "Nome",
        "Timezone_America_Noronha": "Fernando de Noronha",
        "Timezone_America_NorthDakota_Beulah": "Beulah, Dakota do Norte",
        "Timezone_America_NorthDakota_Center": "Center, Dakota do Norte",
        "Timezone_America_NorthDakota_NewSalem": "New Salen, Dakota do Norte",
        "Timezone_America_Ojinaga": "Ojinaga",
        "Timezone_America_Pangnirtung": "Pangnirtung",
        "Timezone_America_Phoenix": "Phoenix",
        "Timezone_America_PortoVelho": "Porto Velho",
        "Timezone_America_PuntaArenas": "Punta Arenas",
        "Timezone_America_RainyRiver": "Rainy River",
        "Timezone_America_RankinInlet": "Rankin Inlet",
        "Timezone_America_Recife": "Recife",
        "Timezone_America_Regina": "Regina",
        "Timezone_America_Resolute": "Resolute",
        "Timezone_America_RioBranco": "Rio Branco",
        "Timezone_America_SantaIsabel": "Santa Isabel",
        "Timezone_America_Santarem": "Santarém",
        "Timezone_America_Santiago": "Santiago",
        "Timezone_America_SaoPaulo": "São Paulo",
        "Timezone_America_Scoresbysund": "Ittoqqortoormiit",
        "Timezone_America_Sitka": "Sitka",
        "Timezone_America_StJohns": "St. John’s",
        "Timezone_America_SwiftCurrent": "Swift Current",
        "Timezone_America_Thule": "Thule",
        "Timezone_America_ThunderBay": "Thunder Bay",
        "Timezone_America_Tijuana": "Tijuana",
        "Timezone_America_Toronto": "Toronto",
        "Timezone_America_Vancouver": "Vancouver",
        "Timezone_America_Whitehorse": "Whitehorse",
        "Timezone_America_Winnipeg": "Winnipeg",
        "Timezone_America_Yakutat": "Yakutat",
        "Timezone_America_Yellowknife": "Yellowknife",
        "Timezone_Antarctica_Casey": "Casey",
        "Timezone_Antarctica_Davis": "Davis",
        "Timezone_Antarctica_DumontDUrville": "Dumont d’Urville",
        "Timezone_Antarctica_Macquarie": "Macquarie",
        "Timezone_Antarctica_Mawson": "Mawson",
        "Timezone_Antarctica_McMurdo": "McMurdo",
        "Timezone_Antarctica_Palmer": "Palmer",
        "Timezone_Antarctica_Rothera": "Rothera",
        "Timezone_Antarctica_Syowa": "Syowa",
        "Timezone_Antarctica_Troll": "Troll",
        "Timezone_Antarctica_Vostok": "Vostok",
        "Timezone_Asia_Almaty": "Almaty",
        "Timezone_Asia_Anadyr": "Anadyr",
        "Timezone_Asia_Aqtau": "Aqtau",
        "Timezone_Asia_Aqtobe": "Aqtobe",
        "Timezone_Asia_Atyrau": "Atyrau",
        "Timezone_Asia_Barnaul": "Barnaul",
        "Timezone_Asia_Calcutta": "Calcutá",
        "Timezone_Asia_Chita": "Chita",
        "Timezone_Asia_Choibalsan": "Choibalsan",
        "Timezone_Asia_Famagusta": "Famagusta",
        "Timezone_Asia_Gaza": "Gaza",
        "Timezone_Asia_Hebron": "Hebron",
        "Timezone_Asia_Hovd": "Hovd",
        "Timezone_Asia_Irkutsk": "Irkutsk",
        "Timezone_Asia_Jakarta": "Jacarta",
        "Timezone_Asia_Jayapura": "Jayapura",
        "Timezone_Asia_Kamchatka": "Kamchatka",
        "Timezone_Asia_Katmandu": "Catmandu",
        "Timezone_Asia_Khandyga": "Khandyga",
        "Timezone_Asia_Krasnoyarsk": "Krasnoyarsk",
        "Timezone_Asia_KualaLumpur": "Kuala Lumpur",
        "Timezone_Asia_Kuching": "Kuching",
        "Timezone_Asia_Magadan": "Magadan",
        "Timezone_Asia_Makassar": "Macassar",
        "Timezone_Asia_Nicosia": "Nicósia",
        "Timezone_Asia_Novokuznetsk": "Novokuznetsk",
        "Timezone_Asia_Novosibirsk": "Novosibirsk",
        "Timezone_Asia_Omsk": "Omsk",
        "Timezone_Asia_Oral": "Oral",
        "Timezone_Asia_Pontianak": "Pontianak",
        "Timezone_Asia_Qostanay": "Kostanay",
        "Timezone_Asia_Qyzylorda": "Qyzylorda",
        "Timezone_Asia_Rangoon": "Yangon",
        "Timezone_Asia_Saigon": "Cidade de Ho Chi Minh",
        "Timezone_Asia_Sakhalin": "Sacalina",
        "Timezone_Asia_Samarkand": "Samarcanda",
        "Timezone_Asia_Shanghai": "Xangai",
        "Timezone_Asia_Srednekolymsk": "Srednekolymsk",
        "Timezone_Asia_Tashkent": "Tashkent",
        "Timezone_Asia_Tomsk": "Tomsk",
        "Timezone_Asia_Ulaanbaatar": "Ulan Bator",
        "Timezone_Asia_Urumqi": "Urumqi",
        "Timezone_Asia_Ust-Nera": "Ust-Nera",
        "Timezone_Asia_Vladivostok": "Vladivostok",
        "Timezone_Asia_Yakutsk": "Yakutsk",
        "Timezone_Asia_Yekaterinburg": "Ecaterimburgo",
        "Timezone_Atlantic_Azores": "Açores",
        "Timezone_Atlantic_Canary": "Canárias",
        "Timezone_Atlantic_Faeroe": "Faroé",
        "Timezone_Atlantic_Madeira": "Madeira",
        "Timezone_Australia_Adelaide": "Adelaide",
        "Timezone_Australia_Brisbane": "Brisbane",
        "Timezone_Australia_BrokenHill": "Broken Hill",
        "Timezone_Australia_Currie": "Currie",
        "Timezone_Australia_Darwin": "Darwin",
        "Timezone_Australia_Eucla": "Eucla",
        "Timezone_Australia_Hobart": "Hobart",
        "Timezone_Australia_Lindeman": "Lindeman",
        "Timezone_Australia_LordHowe": "Ilha de Lord Howe",
        "Timezone_Australia_Melbourne": "Melbourne",
        "Timezone_Australia_Perth": "Perth",
        "Timezone_Australia_Sydney": "Sydney",
        "Timezone_Europe_Astrakhan": "Astracã",
        "Timezone_Europe_Berlin": "Berlim",
        "Timezone_Europe_Busingen": "Busingen",
        "Timezone_Europe_Kaliningrad": "Caliningrado",
        "Timezone_Europe_Kiev": "Kiev",
        "Timezone_Europe_Kirov": "Kirov",
        "Timezone_Europe_Lisbon": "Lisboa",
        "Timezone_Europe_Madrid": "Madrid",
        "Timezone_Europe_Moscow": "Moscovo",
        "Timezone_Europe_Samara": "Samara",
        "Timezone_Europe_Saratov": "Saratov",
        "Timezone_Europe_Simferopol": "Simferopol",
        "Timezone_Europe_Ulyanovsk": "Ulianovsk",
        "Timezone_Europe_Uzhgorod": "Uzhgorod",
        "Timezone_Europe_Volgograd": "Volgogrado",
        "Timezone_Europe_Zaporozhye": "Zaporizhia",
        "Timezone_Pacific_Auckland": "Auckland",
        "Timezone_Pacific_Bougainville": "Bougainville",
        "Timezone_Pacific_Chatham": "Chatham",
        "Timezone_Pacific_Easter": "Ilha da Páscoa",
        "Timezone_Pacific_Enderbury": "Enderbury",
        "Timezone_Pacific_Galapagos": "Galápagos",
        "Timezone_Pacific_Gambier": "Gambier",
        "Timezone_Pacific_Honolulu": "Honolulu",
        "Timezone_Pacific_Johnston": "Johnston",
        "Timezone_Pacific_Kiritimati": "Kiritimati",
        "Timezone_Pacific_Kosrae": "Kosrae",
        "Timezone_Pacific_Kwajalein": "Kwajalein",
        "Timezone_Pacific_Majuro": "Majuro",
        "Timezone_Pacific_Marquesas": "Marquesas",
        "Timezone_Pacific_Midway": "Midway",
        "Timezone_Pacific_Ponape": "Pohnpei",
        "Timezone_Pacific_PortMoresby": "Port Moresby",
        "Timezone_Pacific_Tahiti": "Taiti",
        "Timezone_Pacific_Tarawa": "Tarawa",
        "Timezone_Pacific_Truk": "Chuuk",
        "Timezone_Pacific_Wake": "Wake",
        "Today": "Hoje",
        "Year_Short": "ano",
        "Yesterday": "Ontem"
    }
}