{
    "Intl": {
        "Continent_afr": "ఆఫ్రికా",
        "Continent_amc": "మధ్యమ అమెరికా",
        "Continent_amn": "ఉత్తర అమెరికా",
        "Continent_ams": "దక్షిణ అమెరికా",
        "Continent_ant": "అంటార్కిటికా",
        "Continent_asi": "ఆసియా",
        "Continent_eur": "యూరోప్",
        "Continent_oce": "ఓషినియా",
        "Country_AD": "ఆండోరా",
        "Country_AE": "యునైటెడ్ అరబ్ ఎమిరేట్స్",
        "Country_AF": "ఆఫ్ఘనిస్తాన్",
        "Country_AG": "ఆంటిగ్వా మరియు బార్బుడా",
        "Country_AI": "ఆంగ్విల్లా",
        "Country_AL": "అల్బేనియా",
        "Country_AM": "ఆర్మేనియా",
        "Country_AO": "అంగోలా",
        "Country_AQ": "అంటార్కిటికా",
        "Country_AR": "అర్జెంటీనా",
        "Country_AS": "అమెరికన్ సమోవా",
        "Country_AT": "ఆస్ట్రియా",
        "Country_AU": "ఆస్ట్రేలియా",
        "Country_AW": "అరుబా",
        "Country_AX": "ఆలాండ్ దీవులు",
        "Country_AZ": "అజర్బైజాన్",
        "Country_BA": "బోస్నియా మరియు హెర్జిగోవినా",
        "Country_BB": "బార్బడోస్",
        "Country_BD": "బంగ్లాదేశ్",
        "Country_BE": "బెల్జియం",
        "Country_BF": "బుర్కినా ఫాసో",
        "Country_BG": "బల్గేరియా",
        "Country_BH": "బహ్రెయిన్",
        "Country_BI": "బురుండి",
        "Country_BJ": "బెనిన్",
        "Country_BL": "సెయింట్ బర్థెలిమి",
        "Country_BM": "బెర్ముడా",
        "Country_BN": "బ్రూనే",
        "Country_BO": "బొలీవియా",
        "Country_BQ": "కరీబియన్ నెదర్లాండ్స్",
        "Country_BR": "బ్రెజిల్",
        "Country_BS": "బహామాస్",
        "Country_BT": "భూటాన్",
        "Country_BV": "బువై దీవి",
        "Country_BW": "బోట్స్వానా",
        "Country_BY": "బెలారస్",
        "Country_BZ": "బెలిజ్",
        "Country_CA": "కెనడా",
        "Country_CC": "కోకోస్ (కీలింగ్) దీవులు",
        "Country_CD": "కాంగో- కిన్షాసా",
        "Country_CF": "సెంట్రల్ ఆఫ్రికన్ రిపబ్లిక్",
        "Country_CG": "కాంగో- బ్రాజావిల్లి",
        "Country_CH": "స్విట్జర్లాండ్",
        "Country_CI": "కోట్ డి ఐవోర్",
        "Country_CK": "కుక్ దీవులు",
        "Country_CL": "చిలీ",
        "Country_CM": "కామెరూన్",
        "Country_CN": "చైనా",
        "Country_CO": "కొలంబియా",
        "Country_CR": "కోస్టా రికా",
        "Country_CU": "క్యూబా",
        "Country_CV": "కేప్ వెర్డె",
        "Country_CW": "క్యూరసో",
        "Country_CX": "క్రిస్మస్ దీవి",
        "Country_CY": "సైప్రస్",
        "Country_CZ": "చెకియా",
        "Country_DE": "జర్మనీ",
        "Country_DJ": "జిబౌటి",
        "Country_DK": "డెన్మార్క్",
        "Country_DM": "డొమినికా",
        "Country_DO": "డొమినికన్ రిపబ్లిక్",
        "Country_DZ": "అల్జీరియా",
        "Country_EC": "ఈక్వడార్",
        "Country_EE": "ఎస్టోనియా",
        "Country_EG": "ఈజిప్ట్",
        "Country_EH": "పడమటి సహారా",
        "Country_ER": "ఎరిట్రియా",
        "Country_ES": "స్పెయిన్",
        "Country_ET": "ఇథియోపియా",
        "Country_FI": "ఫిన్లాండ్",
        "Country_FJ": "ఫిజీ",
        "Country_FK": "ఫాక్‌ల్యాండ్ దీవులు",
        "Country_FM": "మైక్రోనేషియా",
        "Country_FO": "ఫారో దీవులు",
        "Country_FR": "ఫ్రాన్స్‌",
        "Country_GA": "గేబన్",
        "Country_GB": "యునైటెడ్ కింగ్‌డమ్",
        "Country_GD": "గ్రెనడా",
        "Country_GE": "జార్జియా",
        "Country_GF": "ఫ్రెంచ్ గియానా",
        "Country_GG": "గర్న్‌సీ",
        "Country_GH": "ఘనా",
        "Country_GI": "జిబ్రాల్టర్",
        "Country_GL": "గ్రీన్‌ల్యాండ్",
        "Country_GM": "గాంబియా",
        "Country_GN": "గినియా",
        "Country_GP": "గ్వాడెలోప్",
        "Country_GQ": "ఈక్వటోరియల్ గినియా",
        "Country_GR": "గ్రీస్",
        "Country_GS": "దక్షిణ జార్జియా మరియు దక్షిణ శాండ్విచ్ దీవులు",
        "Country_GT": "గ్వాటిమాలా",
        "Country_GU": "గ్వామ్",
        "Country_GW": "గినియా-బిస్సావ్",
        "Country_GY": "గయానా",
        "Country_HK": "హాంకాంగ్ ఎస్ఏఆర్ చైనా",
        "Country_HM": "హెర్డ్ దీవి మరియు మెక్‌డొనాల్డ్ దీవులు",
        "Country_HN": "హోండురాస్",
        "Country_HR": "క్రొయేషియా",
        "Country_HT": "హైటి",
        "Country_HU": "హంగేరీ",
        "Country_ID": "ఇండోనేషియా",
        "Country_IE": "ఐర్లాండ్",
        "Country_IL": "ఇజ్రాయెల్",
        "Country_IM": "ఐల్ ఆఫ్ మాన్",
        "Country_IN": "భారతదేశం",
        "Country_IO": "బ్రిటిష్ హిందూ మహాసముద్ర ప్రాంతం",
        "Country_IQ": "ఇరాక్",
        "Country_IR": "ఇరాన్",
        "Country_IS": "ఐస్లాండ్",
        "Country_IT": "ఇటలీ",
        "Country_JE": "జెర్సీ",
        "Country_JM": "జమైకా",
        "Country_JO": "జోర్డాన్",
        "Country_JP": "జపాన్",
        "Country_KE": "కెన్యా",
        "Country_KG": "కిర్గిజిస్తాన్",
        "Country_KH": "కంబోడియా",
        "Country_KI": "కిరిబాటి",
        "Country_KM": "కొమొరోస్",
        "Country_KN": "సెయింట్ కిట్స్ మరియు నెవిస్",
        "Country_KP": "ఉత్తర కొరియా",
        "Country_KR": "దక్షిణ కొరియా",
        "Country_KW": "కువైట్",
        "Country_KY": "కేమాన్ దీవులు",
        "Country_KZ": "కజకిస్తాన్",
        "Country_LA": "లావోస్",
        "Country_LB": "లెబనాన్",
        "Country_LC": "సెయింట్ లూసియా",
        "Country_LI": "లిక్టెన్‌స్టెయిన్",
        "Country_LK": "శ్రీలంక",
        "Country_LR": "లైబీరియా",
        "Country_LS": "లెసోతో",
        "Country_LT": "లిథువేనియా",
        "Country_LU": "లక్సెంబర్గ్",
        "Country_LV": "లాత్వియా",
        "Country_LY": "లిబియా",
        "Country_MA": "మొరాకో",
        "Country_MC": "మొనాకో",
        "Country_MD": "మోల్డోవా",
        "Country_ME": "మాంటెనెగ్రో",
        "Country_MF": "సెయింట్ మార్టిన్",
        "Country_MG": "మడగాస్కర్",
        "Country_MH": "మార్షల్ దీవులు",
        "Country_MK": "ఉత్తర మాసిడోనియా",
        "Country_ML": "మాలి",
        "Country_MM": "మయన్మార్",
        "Country_MN": "మంగోలియా",
        "Country_MO": "మకావ్ ఎస్ఏఆర్ చైనా",
        "Country_MP": "ఉత్తర మరియానా దీవులు",
        "Country_MQ": "మార్టినీక్",
        "Country_MR": "మౌరిటేనియా",
        "Country_MS": "మాంట్సెరాట్",
        "Country_MT": "మాల్టా",
        "Country_MU": "మారిషస్",
        "Country_MV": "మాల్దీవులు",
        "Country_MW": "మలావీ",
        "Country_MX": "మెక్సికో",
        "Country_MY": "మలేషియా",
        "Country_MZ": "మొజాంబిక్",
        "Country_NA": "నమీబియా",
        "Country_NC": "క్రొత్త కాలెడోనియా",
        "Country_NE": "నైజర్",
        "Country_NF": "నార్ఫోక్ దీవి",
        "Country_NG": "నైజీరియా",
        "Country_NI": "నికరాగువా",
        "Country_NL": "నెదర్లాండ్స్",
        "Country_NO": "నార్వే",
        "Country_NP": "నేపాల్",
        "Country_NR": "నౌరు",
        "Country_NU": "నియూ",
        "Country_NZ": "న్యూజిలాండ్",
        "Country_OM": "ఓమన్",
        "Country_PA": "పనామా",
        "Country_PE": "పెరూ",
        "Country_PF": "ఫ్రెంచ్ పోలినీషియా",
        "Country_PG": "పాపువా న్యూ గినియా",
        "Country_PH": "ఫిలిప్పైన్స్",
        "Country_PK": "పాకిస్తాన్",
        "Country_PL": "పోలాండ్",
        "Country_PM": "సెయింట్ పియెర్ మరియు మికెలాన్",
        "Country_PN": "పిట్‌కెయిర్న్ దీవులు",
        "Country_PR": "ప్యూర్టో రికో",
        "Country_PS": "పాలస్తీనియన్ ప్రాంతాలు",
        "Country_PT": "పోర్చుగల్",
        "Country_PW": "పాలావ్",
        "Country_PY": "పరాగ్వే",
        "Country_QA": "ఖతార్",
        "Country_RE": "రీయూనియన్",
        "Country_RO": "రోమేనియా",
        "Country_RS": "సెర్బియా",
        "Country_RU": "రష్యా",
        "Country_RW": "రువాండా",
        "Country_SA": "సౌదీ అరేబియా",
        "Country_SB": "సోలమన్ దీవులు",
        "Country_SC": "సీషెల్స్",
        "Country_SD": "సూడాన్",
        "Country_SE": "స్వీడన్",
        "Country_SG": "సింగపూర్",
        "Country_SH": "సెయింట్ హెలెనా",
        "Country_SI": "స్లోవేనియా",
        "Country_SJ": "స్వాల్‌బార్డ్ మరియు జాన్ మాయెన్",
        "Country_SK": "స్లొవేకియా",
        "Country_SL": "సియెర్రా లియాన్",
        "Country_SM": "శాన్ మారినో",
        "Country_SN": "సెనెగల్",
        "Country_SO": "సోమాలియా",
        "Country_SR": "సూరినామ్",
        "Country_SS": "దక్షిణ సూడాన్",
        "Country_ST": "సావో టోమ్ మరియు ప్రిన్సిపి",
        "Country_SV": "ఎల్ సాల్వడోర్",
        "Country_SX": "సింట్ మార్టెన్",
        "Country_SY": "సిరియా",
        "Country_SZ": "ఈస్వాటిని",
        "Country_TC": "టర్క్స్ మరియు కైకోస్ దీవులు",
        "Country_TD": "చాద్",
        "Country_TF": "ఫ్రెంచ్ దక్షిణ ప్రాంతాలు",
        "Country_TG": "టోగో",
        "Country_TH": "థాయిలాండ్",
        "Country_TJ": "తజికిస్తాన్",
        "Country_TK": "టోకెలావ్",
        "Country_TL": "టిమోర్-లెస్టె",
        "Country_TM": "టర్క్‌మెనిస్తాన్",
        "Country_TN": "ట్యునీషియా",
        "Country_TO": "టోంగా",
        "Country_TR": "తుర్కియె",
        "Country_TT": "ట్రినిడాడ్ మరియు టొబాగో",
        "Country_TV": "టువాలు",
        "Country_TW": "తైవాన్",
        "Country_TZ": "టాంజానియా",
        "Country_UA": "ఉక్రెయిన్",
        "Country_UG": "ఉగాండా",
        "Country_UM": "సంయుక్త రాజ్య అమెరికా బయట ఉన్న దీవులు",
        "Country_US": "యునైటెడ్ స్టేట్స్",
        "Country_UY": "ఉరుగ్వే",
        "Country_UZ": "ఉజ్బెకిస్తాన్",
        "Country_VA": "వాటికన్ నగరం",
        "Country_VC": "సెయింట్ విన్సెంట్ మరియు గ్రెనడీన్స్",
        "Country_VE": "వెనిజులా",
        "Country_VG": "బ్రిటిష్ వర్జిన్ దీవులు",
        "Country_VI": "యు.ఎస్. వర్జిన్ దీవులు",
        "Country_VN": "వియత్నాం",
        "Country_VU": "వనాటు",
        "Country_WF": "వాల్లిస్ మరియు ఫుటునా",
        "Country_WS": "సమోవా",
        "Country_YE": "యెమెన్",
        "Country_YT": "మాయొట్",
        "Country_ZA": "దక్షిణ ఆఫ్రికా",
        "Country_ZM": "జాంబియా",
        "Country_ZW": "జింబాబ్వే",
        "CurrencySymbol_AED": "AED",
        "CurrencySymbol_AFN": "AFN",
        "CurrencySymbol_ALL": "ALL",
        "CurrencySymbol_AMD": "AMD",
        "CurrencySymbol_ANG": "ANG",
        "CurrencySymbol_AOA": "AOA",
        "CurrencySymbol_ARS": "ARS",
        "CurrencySymbol_AUD": "A$",
        "CurrencySymbol_AWG": "AWG",
        "CurrencySymbol_AZN": "AZN",
        "CurrencySymbol_BAM": "BAM",
        "CurrencySymbol_BBD": "BBD",
        "CurrencySymbol_BDT": "BDT",
        "CurrencySymbol_BGN": "BGN",
        "CurrencySymbol_BHD": "BHD",
        "CurrencySymbol_BIF": "BIF",
        "CurrencySymbol_BMD": "BMD",
        "CurrencySymbol_BND": "BND",
        "CurrencySymbol_BOB": "BOB",
        "CurrencySymbol_BRL": "R$",
        "CurrencySymbol_BSD": "BSD",
        "CurrencySymbol_BTC": "BTC",
        "CurrencySymbol_BTN": "BTN",
        "CurrencySymbol_BWP": "BWP",
        "CurrencySymbol_BYN": "BYN",
        "CurrencySymbol_BZD": "BZD",
        "CurrencySymbol_CAD": "CA$",
        "CurrencySymbol_CDF": "CDF",
        "CurrencySymbol_CHF": "CHF",
        "CurrencySymbol_CLP": "CLP",
        "CurrencySymbol_CNY": "CN¥",
        "CurrencySymbol_COP": "COP",
        "CurrencySymbol_CRC": "CRC",
        "CurrencySymbol_CUC": "CUC",
        "CurrencySymbol_CUP": "CUP",
        "CurrencySymbol_CVE": "CVE",
        "CurrencySymbol_CZK": "CZK",
        "CurrencySymbol_DJF": "DJF",
        "CurrencySymbol_DKK": "DKK",
        "CurrencySymbol_DOP": "DOP",
        "CurrencySymbol_DZD": "DZD",
        "CurrencySymbol_EGP": "EGP",
        "CurrencySymbol_ERN": "ERN",
        "CurrencySymbol_ETB": "ETB",
        "CurrencySymbol_EUR": "€",
        "CurrencySymbol_FJD": "FJD",
        "CurrencySymbol_FKP": "FKP",
        "CurrencySymbol_GBP": "£",
        "CurrencySymbol_GEL": "GEL",
        "CurrencySymbol_GHS": "GHS",
        "CurrencySymbol_GIP": "GIP",
        "CurrencySymbol_GMD": "GMD",
        "CurrencySymbol_GNF": "GNF",
        "CurrencySymbol_GTQ": "GTQ",
        "CurrencySymbol_GYD": "GYD",
        "CurrencySymbol_HKD": "HK$",
        "CurrencySymbol_HNL": "HNL",
        "CurrencySymbol_HRK": "HRK",
        "CurrencySymbol_HTG": "HTG",
        "CurrencySymbol_HUF": "HUF",
        "CurrencySymbol_IDR": "IDR",
        "CurrencySymbol_ILS": "₪",
        "CurrencySymbol_INR": "₹",
        "CurrencySymbol_IQD": "IQD",
        "CurrencySymbol_IRR": "IRR",
        "CurrencySymbol_ISK": "ISK",
        "CurrencySymbol_JMD": "JMD",
        "CurrencySymbol_JOD": "JOD",
        "CurrencySymbol_JPY": "JP¥",
        "CurrencySymbol_KES": "KES",
        "CurrencySymbol_KGS": "KGS",
        "CurrencySymbol_KHR": "KHR",
        "CurrencySymbol_KMF": "KMF",
        "CurrencySymbol_KPW": "KPW",
        "CurrencySymbol_KRW": "₩",
        "CurrencySymbol_KWD": "KWD",
        "CurrencySymbol_KYD": "KYD",
        "CurrencySymbol_KZT": "KZT",
        "CurrencySymbol_LAK": "LAK",
        "CurrencySymbol_LBP": "LBP",
        "CurrencySymbol_LKR": "LKR",
        "CurrencySymbol_LRD": "LRD",
        "CurrencySymbol_LSL": "L",
        "CurrencySymbol_LYD": "LYD",
        "CurrencySymbol_MAD": "MAD",
        "CurrencySymbol_MDL": "MDL",
        "CurrencySymbol_MGA": "MGA",
        "CurrencySymbol_MKD": "MKD",
        "CurrencySymbol_MMK": "MMK",
        "CurrencySymbol_MNT": "MNT",
        "CurrencySymbol_MOP": "MOP",
        "CurrencySymbol_MRU": "MRU",
        "CurrencySymbol_MUR": "MUR",
        "CurrencySymbol_MVR": "MVR",
        "CurrencySymbol_MWK": "MWK",
        "CurrencySymbol_MXN": "MX$",
        "CurrencySymbol_MYR": "MYR",
        "CurrencySymbol_MZN": "MZN",
        "CurrencySymbol_NAD": "NAD",
        "CurrencySymbol_NGN": "NGN",
        "CurrencySymbol_NIO": "NIO",
        "CurrencySymbol_NOK": "NOK",
        "CurrencySymbol_NPR": "NPR",
        "CurrencySymbol_NZD": "NZ$",
        "CurrencySymbol_OMR": "OMR",
        "CurrencySymbol_PAB": "PAB",
        "CurrencySymbol_PEN": "PEN",
        "CurrencySymbol_PGK": "PGK",
        "CurrencySymbol_PHP": "PHP",
        "CurrencySymbol_PKR": "PKR",
        "CurrencySymbol_PLN": "PLN",
        "CurrencySymbol_PYG": "PYG",
        "CurrencySymbol_QAR": "QAR",
        "CurrencySymbol_RON": "RON",
        "CurrencySymbol_RSD": "RSD",
        "CurrencySymbol_RUB": "RUB",
        "CurrencySymbol_RWF": "RWF",
        "CurrencySymbol_SAR": "SAR",
        "CurrencySymbol_SBD": "SBD",
        "CurrencySymbol_SCR": "SCR",
        "CurrencySymbol_SDG": "SDG",
        "CurrencySymbol_SEK": "SEK",
        "CurrencySymbol_SGD": "SGD",
        "CurrencySymbol_SHP": "SHP",
        "CurrencySymbol_SLE": "Le",
        "CurrencySymbol_SLL": "SLL",
        "CurrencySymbol_SOS": "SOS",
        "CurrencySymbol_SRD": "SRD",
        "CurrencySymbol_SSP": "SSP",
        "CurrencySymbol_STN": "STN",
        "CurrencySymbol_SYP": "SYP",
        "CurrencySymbol_SZL": "SZL",
        "CurrencySymbol_THB": "฿",
        "CurrencySymbol_TJS": "TJS",
        "CurrencySymbol_TMT": "TMT",
        "CurrencySymbol_TND": "TND",
        "CurrencySymbol_TOP": "TOP",
        "CurrencySymbol_TRY": "TRY",
        "CurrencySymbol_TTD": "TTD",
        "CurrencySymbol_TWD": "NT$",
        "CurrencySymbol_TZS": "TZS",
        "CurrencySymbol_UAH": "UAH",
        "CurrencySymbol_UGX": "UGX",
        "CurrencySymbol_USD": "$",
        "CurrencySymbol_UYU": "UYU",
        "CurrencySymbol_UZS": "UZS",
        "CurrencySymbol_VES": "VES",
        "CurrencySymbol_VND": "₫",
        "CurrencySymbol_VUV": "VUV",
        "CurrencySymbol_WST": "WST",
        "CurrencySymbol_XAF": "FCFA",
        "CurrencySymbol_XCD": "EC$",
        "CurrencySymbol_XOF": "F CFA",
        "CurrencySymbol_XPF": "CFPF",
        "CurrencySymbol_YER": "YER",
        "CurrencySymbol_ZAR": "ZAR",
        "CurrencySymbol_ZMW": "ZMW",
        "Currency_AED": "యునైటెడ్ ఆరబ్ ఎమిరేట్స్ దిరామ్",
        "Currency_AFN": "ఆఫ్ఘాన్ ఆఫ్ఘాని",
        "Currency_ALL": "ఆల్బేనియన్ లేక్",
        "Currency_AMD": "అమెరికన్ డ్రామ్",
        "Currency_ANG": "నెదర్లాండ్స్ యాంటిల్లియన్ గిల్‌డర్",
        "Currency_AOA": "అంగోలాన్ క్వాన్‌జా",
        "Currency_ARS": "అర్జెంటీనా పెసో",
        "Currency_AUD": "ఆస్ట్రేలియన్ డాలర్",
        "Currency_AWG": "అరుబన్ ఫ్లోరిన్",
        "Currency_AZN": "అజర్బైజాన్ మానట్",
        "Currency_BAM": "బోస్నియా-హెర్జగోవినా మార్పిడి చెయ్యగలిగే మార్క్",
        "Currency_BBD": "బర్బాడియన్ డాలర్",
        "Currency_BDT": "బాంగ్లాదేశ్ టాకా",
        "Currency_BGN": "బల్గేరియన్ లేవ్",
        "Currency_BHD": "బహ్రెయిన్ దినార్",
        "Currency_BIF": "బురిండియన్ ఫ్రాంక్",
        "Currency_BMD": "బెర్ముడన్ డాలర్",
        "Currency_BND": "బ్రూనై డాలర్",
        "Currency_BOB": "బొలీవియన్ బొలీవియానో",
        "Currency_BRL": "బ్రెజిలియన్ రియల్",
        "Currency_BSD": "బహామియన్ డాలర్",
        "Currency_BTC": "Bitcoin",
        "Currency_BTN": "భూటానీయుల గుల్‌ట్రుమ్",
        "Currency_BWP": "బోట్స్‌వానా పులా",
        "Currency_BYN": "బెలరూసియన్ రూబల్",
        "Currency_BZD": "బెలీజ్ డాలర్",
        "Currency_CAD": "కెనడియన్ డాలర్",
        "Currency_CDF": "కొంగోలిస్ ఫ్రాంక్",
        "Currency_CHF": "స్విస్ ఫ్రాంక్",
        "Currency_CLP": "చిలియన్ పెసో",
        "Currency_CNY": "చైనా దేశ యువాన్",
        "Currency_COP": "కొలంబియన్ పెసో",
        "Currency_CRC": "కోస్టా రికన్ కోలోన్",
        "Currency_CUC": "క్యూబన్ కన్వర్టబుల్ పెసో",
        "Currency_CUP": "క్యూబన్ పెసో",
        "Currency_CVE": "కేప్ వెర్డియన్ ఎస్కుడో",
        "Currency_CZK": "చెక్ రిపబ్లిక్ కోరునా",
        "Currency_DJF": "జిబోటియన్ ఫ్రాంక్",
        "Currency_DKK": "డానిష్ క్రోన్",
        "Currency_DOP": "డోమినికన్ పెసో",
        "Currency_DZD": "అల్జీరియన్ దీనార్",
        "Currency_EGP": "ఈజిప్షియన్ పౌండ్",
        "Currency_ERN": "ఎరిట్రీన్ నక్ఫా",
        "Currency_ETB": "ఇథియోపియన్ బర్",
        "Currency_EUR": "యురొ",
        "Currency_FJD": "ఫీజియన్ డాలర్",
        "Currency_FKP": "ఫాక్‌ల్యాండ్ దీవులు పౌండ్",
        "Currency_GBP": "బ్రిటిష్ పౌండ్",
        "Currency_GEL": "జార్జియన్ లారి",
        "Currency_GHS": "గానెయన్ సెడి",
        "Currency_GIP": "జిబ్రల్‌టూర్ పౌండ్",
        "Currency_GMD": "గాంబియన్ దలాసి",
        "Currency_GNF": "గ్వినియన్ ఫ్రాంక్",
        "Currency_GTQ": "గ్యుటెమాలన్ క్వెట్‌జల్",
        "Currency_GYD": "గుయనియాస్ డాలర్",
        "Currency_HKD": "హాంకాంగ్ డాలర్",
        "Currency_HNL": "హోండురన్ లెమిపిరా",
        "Currency_HRK": "క్రొయేషియన్ క్యూన",
        "Currency_HTG": "హైటియన్ గ్వోర్డే",
        "Currency_HUF": "హంగేరియన్ ఫోరింట్",
        "Currency_IDR": "ఇండోనేషియా రూపాయి",
        "Currency_ILS": "ఇజ్రాయేలీ న్యూ షెకెల్",
        "Currency_INR": "భారతదేశ రూపాయి",
        "Currency_IQD": "ఇరాకీ దీనార్",
        "Currency_IRR": "ఇరానియన్ రీయల్",
        "Currency_ISK": "ఐస్లాండిక్ క్రోనా",
        "Currency_JMD": "జమైకన్ డాలర్",
        "Currency_JOD": "జోర్‌డానియన్ దీనార్",
        "Currency_JPY": "జపాను దేశ యెన్",
        "Currency_KES": "కెన్యాన్ షిల్లింగ్",
        "Currency_KGS": "కిర్గిస్థాని సౌమ్",
        "Currency_KHR": "కాంబోడియన్ రీల్",
        "Currency_KMF": "కొమోరియన్ ఫ్రాంక్",
        "Currency_KPW": "ఉత్తర కొరియా వోన్",
        "Currency_KRW": "దక్షిణ కొరియా వోన్",
        "Currency_KWD": "కువైట్ దీనార్",
        "Currency_KYD": "కేమాన్ దీవుల డాలర్",
        "Currency_KZT": "ఖజికిస్థాన్ టెంగే",
        "Currency_LAK": "లాటియన్ కిప్",
        "Currency_LBP": "లెబనీస్ పౌండ్",
        "Currency_LKR": "శ్రీలంక రూపాయి",
        "Currency_LRD": "లిబేరియన్ డాలర్",
        "Currency_LSL": "లెసోధో లోటి",
        "Currency_LYD": "లిబియన్ దీనార్",
        "Currency_MAD": "మోరోకన్ దిర్హామ్",
        "Currency_MDL": "మోల్‌డోవన్ ల్యూ",
        "Currency_MGA": "మలగసీ అరియరీ",
        "Currency_MKD": "మెసిడోనియన్ దినార్",
        "Currency_MMK": "మయన్మార్ క్యాట్",
        "Currency_MNT": "మంగోలియన్ టుగ్రిక్",
        "Currency_MOP": "మకనీస్ పటాక",
        "Currency_MRU": "మౌరిటానియన్ ఒగ్యియా",
        "Currency_MUR": "మారిషన్ రూపాయి",
        "Currency_MVR": "మాల్దీవియన్ రుఫియా",
        "Currency_MWK": "మలావియన్ క్వాచా",
        "Currency_MXN": "మెక్సికన్ పెసో",
        "Currency_MYR": "మలేషియా రింగ్గిట్",
        "Currency_MZN": "మొజాంబికన్ మెటికల్",
        "Currency_NAD": "నమిబియన్ డాలర్",
        "Currency_NGN": "నైజీరియన్ నైరా",
        "Currency_NIO": "నికరగ్యుయన్ కొర్‌డుబు",
        "Currency_NOK": "నార్వేజీయన్ క్రోన్",
        "Currency_NPR": "నేపాలీయుల రూపాయి",
        "Currency_NZD": "న్యూజిలాండ్ డాలర్",
        "Currency_OMR": "ఒమాని రీయల్",
        "Currency_PAB": "పనామనియన్ బల్బోవ",
        "Currency_PEN": "పెరువియన్ సోల్",
        "Currency_PGK": "పప్యూ న్యూ గ్యినియన్ కినా",
        "Currency_PHP": "ఫిలిప్పిన్ పెసో",
        "Currency_PKR": "పాకిస్థాన్ రూపాయి",
        "Currency_PLN": "పోలిష్ జ్లోటీ",
        "Currency_PYG": "పరగ్వాయన్ గ్వారని",
        "Currency_QAR": "క్వాటరి రీయల్",
        "Currency_RON": "రోమానియాన్ లెయు",
        "Currency_RSD": "సెర్బియన్ దీనార్",
        "Currency_RUB": "రష్యన్ రూబల్",
        "Currency_RWF": "ర్వానడాన్ ఫ్రాంక్",
        "Currency_SAR": "సౌది రియల్",
        "Currency_SBD": "సోలోమన్ దీవుల డాలర్",
        "Currency_SCR": "సెయిచెల్లోయిస్ రూపాయి",
        "Currency_SDG": "సుడానీస్ పౌండ్",
        "Currency_SEK": "స్వీడిష్ క్రోనా",
        "Currency_SGD": "సింగపూర్ డాలర్",
        "Currency_SHP": "సెయింట్ హెలెనా పౌండ్",
        "Currency_SLE": "Sierra Leonean leone",
        "Currency_SLL": "సీయిరు లియోనియన్ లీయోన్",
        "Currency_SOS": "సొమాలి షిల్లింగ్",
        "Currency_SRD": "సురినామీయుల డాలర్",
        "Currency_SSP": "దక్షిణ సుడానీస్ పౌండ్",
        "Currency_STN": "సావో టోమ్ మరియు ప్రిన్సిపి డోబ్రా",
        "Currency_SYP": "సిరీయన్ పౌండ్",
        "Currency_SZL": "స్వాజి లిలాన్గేని",
        "Currency_THB": "థాయ్ బాట్",
        "Currency_TJS": "తజికిస్థాన్ సమోని",
        "Currency_TMT": "తుర్క్‌మెనిస్థాని మనాట్",
        "Currency_TND": "తునీషియన్ దీనార్",
        "Currency_TOP": "టోంగాన్ పాంʻగా",
        "Currency_TRY": "టర్కిస్ లీరా",
        "Currency_TTD": "ట్రినిడాడ్ మరియు టొబాగో డాలర్",
        "Currency_TWD": "క్రొత్త తైవాన్ డాలర్",
        "Currency_TZS": "టాంజానియన్ షిల్లింగ్",
        "Currency_UAH": "ఉక్రయినియన్ హ్రివ్‌నియా",
        "Currency_UGX": "ఉగాండన్ షిల్లింగ్",
        "Currency_USD": "అమెరికా డాలర్",
        "Currency_UYU": "ఉరుగ్వెయన్ పెసో",
        "Currency_UZS": "ఉజ్‌బెకిస్తాన్ సౌమ్",
        "Currency_VES": "వెనుజులా బోలివర్",
        "Currency_VND": "వియత్నామీయుల డాంగ్",
        "Currency_VUV": "వనాటు వటు",
        "Currency_WST": "సమోయన్ తాలా",
        "Currency_XAF": "సెంట్రల్ ఆఫ్రికన్ సిఎఫ్‌ఎ ఫ్రాంక్",
        "Currency_XCD": "తూర్పు కరీబియన్ డాలర్",
        "Currency_XOF": "పశ్చిమ ఆఫ్రికన్ సిఏఫ్ఏ ఫ్రాంక్",
        "Currency_XPF": "సిఎఫ్‌పి ఫ్రాంక్",
        "Currency_YER": "ఎమునీ రీయల్",
        "Currency_ZAR": "దక్షిణ ఆఫ్రికా ర్యాండ్",
        "Currency_ZMW": "జాంబియన్ క్వాచా",
        "Day_Long_1": "సోమవారం",
        "Day_Long_2": "మంగళవారం",
        "Day_Long_3": "బుధవారం",
        "Day_Long_4": "గురువారం",
        "Day_Long_5": "శుక్రవారం",
        "Day_Long_6": "శనివారం",
        "Day_Long_7": "ఆదివారం",
        "Day_Long_StandAlone_1": "సోమవారం",
        "Day_Long_StandAlone_2": "మంగళవారం",
        "Day_Long_StandAlone_3": "బుధవారం",
        "Day_Long_StandAlone_4": "గురువారం",
        "Day_Long_StandAlone_5": "శుక్రవారం",
        "Day_Long_StandAlone_6": "శనివారం",
        "Day_Long_StandAlone_7": "ఆదివారం",
        "Day_Min_1": "సోమ",
        "Day_Min_2": "మం",
        "Day_Min_3": "బుధ",
        "Day_Min_4": "గురు",
        "Day_Min_5": "శుక్ర",
        "Day_Min_6": "శని",
        "Day_Min_7": "ఆది",
        "Day_Min_StandAlone_1": "సోమ",
        "Day_Min_StandAlone_2": "మం",
        "Day_Min_StandAlone_3": "బుధ",
        "Day_Min_StandAlone_4": "గురు",
        "Day_Min_StandAlone_5": "శుక్ర",
        "Day_Min_StandAlone_6": "శని",
        "Day_Min_StandAlone_7": "ఆది",
        "Day_Short_1": "సోమ",
        "Day_Short_2": "మంగళ",
        "Day_Short_3": "బుధ",
        "Day_Short_4": "గురు",
        "Day_Short_5": "శుక్ర",
        "Day_Short_6": "శని",
        "Day_Short_7": "ఆది",
        "Day_Short_StandAlone_1": "సోమ",
        "Day_Short_StandAlone_2": "మంగళ",
        "Day_Short_StandAlone_3": "బుధ",
        "Day_Short_StandAlone_4": "గురు",
        "Day_Short_StandAlone_5": "శుక్ర",
        "Day_Short_StandAlone_6": "శని",
        "Day_Short_StandAlone_7": "ఆది",
        "EnglishLanguageName": "Telugu",
        "Format_DateTime_Long": "d, MMMM y, EEEE {time}",
        "Format_DateTime_Short": "d MMM, y {time}",
        "Format_Date_Day_Month": "d MMM, E",
        "Format_Date_Long": "d, MMMM y, EEEE",
        "Format_Date_Short": "d MMM, y",
        "Format_Hour_12": "h a",
        "Format_Hour_24": "HH",
        "Format_Interval_Long_D": "d–d MMMM, y",
        "Format_Interval_Long_M": "d MMMM – d MMMM, y",
        "Format_Interval_Long_Y": "d MMMM, y – d MMMM, y",
        "Format_Interval_Short_D": "d–d MMM, y",
        "Format_Interval_Short_M": "d MMM – d MMM, y",
        "Format_Interval_Short_Y": "d MMM, y – d MMM, y",
        "Format_Month_Long": "MMMM y",
        "Format_Month_Short": "MMM y",
        "Format_Time": "{time}",
        "Format_Time_12": "h:mm:ss a",
        "Format_Time_24": "HH:mm:ss",
        "Format_Year": "y",
        "Hours": "గంటలు",
        "Language_aa": "అఫార్",
        "Language_ab": "అబ్ఖాజియన్",
        "Language_ae": "అవేస్టాన్",
        "Language_af": "ఆఫ్రికాన్స్",
        "Language_ak": "అకాన్",
        "Language_am": "అమ్హారిక్",
        "Language_an": "అరగోనిస్",
        "Language_ar": "అరబిక్",
        "Language_as": "అస్సామీస్",
        "Language_av": "అవారిక్",
        "Language_ay": "ఐమారా",
        "Language_az": "అజర్బైజాని",
        "Language_ba": "బాష్కిర్",
        "Language_be": "బెలారుషియన్",
        "Language_bg": "బల్గేరియన్",
        "Language_bi": "బిస్లామా",
        "Language_bm": "బంబారా",
        "Language_bn": "బంగ్లా",
        "Language_bo": "టిబెటన్",
        "Language_br": "బ్రెటన్",
        "Language_bs": "బోస్నియన్",
        "Language_ca": "కాటలాన్",
        "Language_ce": "చెచెన్",
        "Language_ch": "చమర్రో",
        "Language_co": "కోర్సికన్",
        "Language_cr": "క్రి",
        "Language_cs": "చెక్",
        "Language_cu": "చర్చ్ స్లావిక్",
        "Language_cv": "చువాష్",
        "Language_cy": "వెల్ష్",
        "Language_da": "డానిష్",
        "Language_de": "జర్మన్",
        "Language_dv": "దివేహి",
        "Language_dz": "జోంఖా",
        "Language_ee": "యూ",
        "Language_el": "గ్రీక్",
        "Language_en": "ఇంగ్లీష్",
        "Language_eo": "ఎస్పెరాంటో",
        "Language_es": "స్పానిష్",
        "Language_et": "ఎస్టోనియన్",
        "Language_eu": "బాస్క్యూ",
        "Language_fa": "పర్షియన్",
        "Language_ff": "ఫ్యుల",
        "Language_fi": "ఫిన్నిష్",
        "Language_fj": "ఫిజియన్",
        "Language_fo": "ఫారోస్",
        "Language_fr": "ఫ్రెంచ్",
        "Language_fy": "పశ్చిమ ఫ్రిసియన్",
        "Language_ga": "ఐరిష్",
        "Language_gd": "స్కాటిష్ గేలిక్",
        "Language_gl": "గాలిషియన్",
        "Language_gn": "గ్వారనీ",
        "Language_gu": "గుజరాతి",
        "Language_gv": "మాంక్స్",
        "Language_ha": "హౌసా",
        "Language_he": "హిబ్రూ",
        "Language_hi": "హిందీ",
        "Language_ho": "హిరి మోటు",
        "Language_hr": "క్రొయేషియన్",
        "Language_ht": "హైటియన్ క్రియోల్",
        "Language_hu": "హంగేరియన్",
        "Language_hy": "ఆర్మేనియన్",
        "Language_hz": "హెరెరో",
        "Language_ia": "ఇంటర్లింగ్వా",
        "Language_id": "ఇండోనేషియన్",
        "Language_ie": "ఇంటర్లింగ్",
        "Language_ig": "ఇగ్బో",
        "Language_ii": "శిషువన్ ఈ",
        "Language_ik": "ఇనుపైయాక్",
        "Language_io": "ఈడో",
        "Language_is": "ఐస్లాండిక్",
        "Language_it": "ఇటాలియన్",
        "Language_iu": "ఇనుక్టిటుట్",
        "Language_ja": "జపనీస్",
        "Language_jv": "జావనీస్",
        "Language_ka": "జార్జియన్",
        "Language_kg": "కోంగో",
        "Language_ki": "కికుయు",
        "Language_kj": "క్వాన్యామ",
        "Language_kk": "కజఖ్",
        "Language_kl": "కలాల్లిసూట్",
        "Language_km": "ఖ్మేర్",
        "Language_kn": "కన్నడ",
        "Language_ko": "కొరియన్",
        "Language_kr": "కానురి",
        "Language_ks": "కాశ్మీరి",
        "Language_ku": "కుర్దిష్",
        "Language_kv": "కోమి",
        "Language_kw": "కోర్నిష్",
        "Language_ky": "కిర్గిజ్",
        "Language_la": "లాటిన్",
        "Language_lb": "లక్సెంబర్గిష్",
        "Language_lg": "గాండా",
        "Language_li": "లిమ్బర్గిష్",
        "Language_ln": "లింగాల",
        "Language_lo": "లావో",
        "Language_lt": "లిథువేనియన్",
        "Language_lu": "లూబ-కటాంగ",
        "Language_lv": "లాట్వియన్",
        "Language_mg": "మలగాసి",
        "Language_mh": "మార్షలీస్",
        "Language_mi": "మావొరీ",
        "Language_mk": "మాసిడోనియన్",
        "Language_ml": "మలయాళం",
        "Language_mn": "మంగోలియన్",
        "Language_mr": "మరాఠీ",
        "Language_ms": "మలయ్",
        "Language_mt": "మాల్టీస్",
        "Language_my": "బర్మీస్",
        "Language_na": "నౌరు",
        "Language_nb": "నార్వేజియన్ బొక్మాల్",
        "Language_nd": "ఉత్తర దెబెలె",
        "Language_ne": "నేపాలి",
        "Language_ng": "డోంగా",
        "Language_nl": "డచ్",
        "Language_nn": "నార్వేజియాన్ న్యోర్స్క్",
        "Language_no": "నార్వేజియన్",
        "Language_nr": "దక్షిణ దెబెలె",
        "Language_nv": "నవాజొ",
        "Language_ny": "న్యాన్జా",
        "Language_oc": "ఆక్సిటన్",
        "Language_oj": "చేవా",
        "Language_om": "ఒరోమో",
        "Language_or": "ఒడియా",
        "Language_os": "ఒసేటిక్",
        "Language_pa": "పంజాబీ",
        "Language_pi": "పాలీ",
        "Language_pl": "పోలిష్",
        "Language_ps": "పాష్టో",
        "Language_pt": "పోర్చుగీస్",
        "Language_qu": "కెచువా",
        "Language_rm": "రోమన్ష్",
        "Language_rn": "రుండి",
        "Language_ro": "రోమేనియన్",
        "Language_ru": "రష్యన్",
        "Language_rw": "కిన్యర్వాండా",
        "Language_sa": "సంస్కృతం",
        "Language_sc": "సార్డీనియన్",
        "Language_sd": "సింధీ",
        "Language_se": "ఉత్తర సామి",
        "Language_sg": "సాంగో",
        "Language_si": "సింహళం",
        "Language_sk": "స్లోవక్",
        "Language_sl": "స్లోవేనియన్",
        "Language_sm": "సమోవన్",
        "Language_sn": "షోన",
        "Language_so": "సోమాలి",
        "Language_sq": "అల్బేనియన్",
        "Language_sr": "సెర్బియన్",
        "Language_ss": "స్వాతి",
        "Language_st": "దక్షిణ సోతో",
        "Language_su": "సండానీస్",
        "Language_sv": "స్వీడిష్",
        "Language_sw": "స్వాహిలి",
        "Language_ta": "తమిళము",
        "Language_te": "తెలుగు",
        "Language_tg": "తజిక్",
        "Language_th": "థాయ్",
        "Language_ti": "టిగ్రిన్యా",
        "Language_tk": "తుర్క్‌మెన్",
        "Language_tl": "టగలాగ్",
        "Language_tn": "స్వానా",
        "Language_to": "టాంగాన్",
        "Language_tr": "టర్కిష్",
        "Language_ts": "సోంగా",
        "Language_tt": "టాటర్",
        "Language_tw": "ట్వి",
        "Language_ty": "తహితియన్",
        "Language_ug": "ఉయ్‌ఘర్",
        "Language_uk": "ఉక్రెయినియన్",
        "Language_ur": "ఉర్దూ",
        "Language_uz": "ఉజ్బెక్",
        "Language_ve": "వెండా",
        "Language_vi": "వియత్నామీస్",
        "Language_vo": "వోలాపుక్",
        "Language_wa": "వాలూన్",
        "Language_wo": "ఉలూఫ్",
        "Language_xh": "షోసా",
        "Language_yi": "ఇడ్డిష్",
        "Language_yo": "యోరుబా",
        "Language_za": "జువాన్",
        "Language_zh": "చైనీస్",
        "Language_zu": "జూలూ",
        "LayoutDirection": "ltr",
        "ListPatternAnd2": "{0} మరియు {1}",
        "ListPatternAndEnd": "{0} మరియు {1}",
        "ListPatternAndMiddle": "{0}, {1}",
        "ListPatternAndStart": "{0}, {1}",
        "ListPatternOr2": "{0} లేదా {1}",
        "ListPatternOrEnd": "{0} లేదా {1}",
        "ListPatternOrMiddle": "{0}, {1}",
        "ListPatternOrStart": "{0}, {1}",
        "Minutes": "నిమిషాలు",
        "Month_Long_1": "జనవరి",
        "Month_Long_10": "అక్టోబర్",
        "Month_Long_11": "నవంబర్",
        "Month_Long_12": "డిసెంబర్",
        "Month_Long_2": "ఫిబ్రవరి",
        "Month_Long_3": "మార్చి",
        "Month_Long_4": "ఏప్రిల్",
        "Month_Long_5": "మే",
        "Month_Long_6": "జూన్",
        "Month_Long_7": "జులై",
        "Month_Long_8": "ఆగస్టు",
        "Month_Long_9": "సెప్టెంబర్",
        "Month_Long_StandAlone_1": "జనవరి",
        "Month_Long_StandAlone_10": "అక్టోబర్",
        "Month_Long_StandAlone_11": "నవంబర్",
        "Month_Long_StandAlone_12": "డిసెంబర్",
        "Month_Long_StandAlone_2": "ఫిబ్రవరి",
        "Month_Long_StandAlone_3": "మార్చి",
        "Month_Long_StandAlone_4": "ఏప్రిల్",
        "Month_Long_StandAlone_5": "మే",
        "Month_Long_StandAlone_6": "జూన్",
        "Month_Long_StandAlone_7": "జులై",
        "Month_Long_StandAlone_8": "ఆగస్టు",
        "Month_Long_StandAlone_9": "సెప్టెంబర్",
        "Month_Short_1": "జన",
        "Month_Short_10": "అక్టో",
        "Month_Short_11": "నవం",
        "Month_Short_12": "డిసెం",
        "Month_Short_2": "ఫిబ్ర",
        "Month_Short_3": "మార్చి",
        "Month_Short_4": "ఏప్రి",
        "Month_Short_5": "మే",
        "Month_Short_6": "జూన్",
        "Month_Short_7": "జులై",
        "Month_Short_8": "ఆగ",
        "Month_Short_9": "సెప్టెం",
        "Month_Short_StandAlone_1": "జన",
        "Month_Short_StandAlone_10": "అక్టో",
        "Month_Short_StandAlone_11": "నవం",
        "Month_Short_StandAlone_12": "డిసెం",
        "Month_Short_StandAlone_2": "ఫిబ్ర",
        "Month_Short_StandAlone_3": "మార్చి",
        "Month_Short_StandAlone_4": "ఏప్రి",
        "Month_Short_StandAlone_5": "మే",
        "Month_Short_StandAlone_6": "జూన్",
        "Month_Short_StandAlone_7": "జులై",
        "Month_Short_StandAlone_8": "ఆగ",
        "Month_Short_StandAlone_9": "సెప్టెం",
        "NDays": "%s రోజులు",
        "NHoursShort": "%sగం",
        "NMinutes": "%s నిమిషాలు",
        "NMinutesShort": "%s నిమి.",
        "NSeconds": "%s సెకన్లు",
        "NSecondsShort": "%sసె",
        "NumberFormatCurrency": "¤#,##,##0.00",
        "NumberFormatNumber": "#,##,##0.###",
        "NumberFormatPercent": "#,##0%",
        "NumberSymbolDecimal": ".",
        "NumberSymbolGroup": ",",
        "NumberSymbolMinus": "-",
        "NumberSymbolPercent": "%",
        "NumberSymbolPlus": "+",
        "OneDay": "1 రోజు",
        "OneMinute": "1 నిమిషం",
        "OneMinuteShort": "1 నిమి.",
        "OriginalLanguageName": "తెలుగు",
        "PeriodDay": "దినం",
        "PeriodDays": "రోజులు",
        "PeriodMonth": "నెల",
        "PeriodMonths": "నెలలు",
        "PeriodWeek": "వారము",
        "PeriodWeeks": "వారాలు",
        "PeriodYear": "సంవత్సరం",
        "PeriodYears": "సంవత్సరాలు",
        "Seconds": "సెకన్లు",
        "Time_AM": "AM",
        "Time_PM": "PM",
        "Timezone_Africa_Asmera": "అస్మారా",
        "Timezone_Africa_Ceuta": "స్యూటా",
        "Timezone_Africa_Kinshasa": "కిన్షాసా",
        "Timezone_Africa_Lubumbashi": "లుబంబాషి",
        "Timezone_America_Adak": "అడాక్",
        "Timezone_America_Anchorage": "యాంకరేజ్",
        "Timezone_America_Araguaina": "అరాగ్వేయీనా",
        "Timezone_America_Argentina_LaRioja": "లా రియోజ",
        "Timezone_America_Argentina_RioGallegos": "రియో గల్లేగోస్",
        "Timezone_America_Argentina_Salta": "సాల్టా",
        "Timezone_America_Argentina_SanJuan": "శాన్ జ్యూన్",
        "Timezone_America_Argentina_SanLuis": "శాన్ లూయిస్",
        "Timezone_America_Argentina_Tucuman": "టుకుమన్",
        "Timezone_America_Argentina_Ushuaia": "ఉష్యూయ",
        "Timezone_America_Bahia": "బహియ",
        "Timezone_America_BahiaBanderas": "బహియా బండరాస్",
        "Timezone_America_Belem": "బెలెమ్",
        "Timezone_America_Blanc-Sablon": "బ్లాంక్-సబ్లోన్",
        "Timezone_America_BoaVista": "బోవా విస్టా",
        "Timezone_America_Boise": "బొయిసీ",
        "Timezone_America_BuenosAires": "బ్యూనోస్ ఎయిర్స్",
        "Timezone_America_CambridgeBay": "కేంబ్రిడ్జ్ బే",
        "Timezone_America_CampoGrande": "కాంపో గ్రాండ్",
        "Timezone_America_Cancun": "కన్‌కూన్",
        "Timezone_America_Catamarca": "కటమార్కా",
        "Timezone_America_Chicago": "చికాగో",
        "Timezone_America_Chihuahua": "చువావా",
        "Timezone_America_CiudadJuarez": "సియుదాద్ హ్వారెజ్",
        "Timezone_America_CoralHarbour": "అటికోకన్",
        "Timezone_America_Cordoba": "కోర్డోబా",
        "Timezone_America_Creston": "క్రెస్టన్",
        "Timezone_America_Cuiaba": "కుయబా",
        "Timezone_America_Danmarkshavn": "డెన్మార్క్‌షాన్",
        "Timezone_America_Dawson": "డాసన్",
        "Timezone_America_DawsonCreek": "డాసన్ క్రీక్",
        "Timezone_America_Denver": "డెన్వెర్",
        "Timezone_America_Detroit": "డిట్రోయిట్",
        "Timezone_America_Edmonton": "ఎడ్మోంటన్",
        "Timezone_America_Eirunepe": "ఇరునెప్",
        "Timezone_America_FortNelson": "ఫోర్ట్ నెల్సన్",
        "Timezone_America_Fortaleza": "ఫోర్టలేజా",
        "Timezone_America_GlaceBay": "గ్లేస్ బే",
        "Timezone_America_Godthab": "నూక్",
        "Timezone_America_GooseBay": "గూస్ బే",
        "Timezone_America_Guayaquil": "గయాక్విల్",
        "Timezone_America_Halifax": "హాలిఫాక్స్",
        "Timezone_America_Hermosillo": "హెర్మోసిల్లో",
        "Timezone_America_Indiana_Knox": "నోక్స్, ఇండియాన",
        "Timezone_America_Indiana_Marengo": "మరెంగో, ఇండియాన",
        "Timezone_America_Indiana_Petersburg": "పీటర్స్‌బర్గ్, ఇండియాన",
        "Timezone_America_Indiana_TellCity": "టెల్ నగరం, ఇండియాన",
        "Timezone_America_Indiana_Vevay": "వెవయ్, ఇండియాన",
        "Timezone_America_Indiana_Vincennes": "విన్‌సెన్నెస్, ఇండియాన",
        "Timezone_America_Indiana_Winamac": "వినామాక్, ఇండియాన",
        "Timezone_America_Indianapolis": "ఇండియానపోలిస్",
        "Timezone_America_Inuvik": "ఇనువిక్",
        "Timezone_America_Iqaluit": "ఇక్వాలిట్",
        "Timezone_America_Jujuy": "జుజుయ్",
        "Timezone_America_Juneau": "జూనో",
        "Timezone_America_Kentucky_Monticello": "మోంటిసెల్లో, కెన్‌టుక్కీ",
        "Timezone_America_LosAngeles": "లాస్ ఏంజల్స్",
        "Timezone_America_Louisville": "లూయివిల్",
        "Timezone_America_Maceio": "మాసియో",
        "Timezone_America_Manaus": "మనాస్",
        "Timezone_America_Matamoros": "మాటమొరోస్",
        "Timezone_America_Mazatlan": "మాసట్‌లాన్",
        "Timezone_America_Mendoza": "మెండోజా",
        "Timezone_America_Menominee": "మెనోమినీ",
        "Timezone_America_Merida": "మెరిడా",
        "Timezone_America_Metlakatla": "మెట్లకట్ల",
        "Timezone_America_MexicoCity": "మెక్సికో నగరం",
        "Timezone_America_Moncton": "మోన్‌క్టోన్",
        "Timezone_America_Monterrey": "మోంటెర్రే",
        "Timezone_America_NewYork": "న్యూయార్క్",
        "Timezone_America_Nipigon": "నిపిగోన్",
        "Timezone_America_Nome": "నోమ్",
        "Timezone_America_Noronha": "నరోన్హా",
        "Timezone_America_NorthDakota_Beulah": "బ్యులా, ఉత్తర డకోట",
        "Timezone_America_NorthDakota_Center": "సెంటర్, ఉత్తర డకోటా",
        "Timezone_America_NorthDakota_NewSalem": "న్యూ సలేమ్, ఉత్తర డకోట",
        "Timezone_America_Ojinaga": "ఒజినగ",
        "Timezone_America_Pangnirtung": "పాంగ్‌నీర్‌టుంగ్",
        "Timezone_America_Phoenix": "ఫినిక్స్",
        "Timezone_America_PortoVelho": "పోర్టో వెల్హో",
        "Timezone_America_PuntaArenas": "పుంటా అరీనస్",
        "Timezone_America_RainyRiver": "రెయినీ రివర్",
        "Timezone_America_RankinInlet": "రన్‌కిన్ ఇన్‌లెట్",
        "Timezone_America_Recife": "రెసిఫీ",
        "Timezone_America_Regina": "రెజీనా",
        "Timezone_America_Resolute": "రిజల్యూట్",
        "Timezone_America_RioBranco": "రియో బ్రాంకో",
        "Timezone_America_SantaIsabel": "శాంటా ఇసబెల్",
        "Timezone_America_Santarem": "సాంటరెమ్",
        "Timezone_America_Santiago": "శాంటియాగో",
        "Timezone_America_SaoPaulo": "సావో పాలో",
        "Timezone_America_Scoresbysund": "ఇటోక్కోర్టూర్మిట్",
        "Timezone_America_Sitka": "సిట్కా",
        "Timezone_America_StJohns": "సెయింట్ జాన్స్",
        "Timezone_America_SwiftCurrent": "స్విఫ్ట్ కరెంట్",
        "Timezone_America_Thule": "థులే",
        "Timezone_America_ThunderBay": "థండర్ బే",
        "Timezone_America_Tijuana": "టిజువానా",
        "Timezone_America_Toronto": "టొరంటో",
        "Timezone_America_Vancouver": "వాన్కూవర్",
        "Timezone_America_Whitehorse": "వైట్‌హార్స్",
        "Timezone_America_Winnipeg": "విన్నిపెగ్",
        "Timezone_America_Yakutat": "యకుటాట్",
        "Timezone_America_Yellowknife": "ఎల్లోనైఫ్",
        "Timezone_Antarctica_Casey": "కేసీ",
        "Timezone_Antarctica_Davis": "డెవిస్",
        "Timezone_Antarctica_DumontDUrville": "డ్యూమాంట్ డి’ఉర్విల్లే",
        "Timezone_Antarctica_Macquarie": "మకారీ",
        "Timezone_Antarctica_Mawson": "మాసన్",
        "Timezone_Antarctica_McMurdo": "మెక్‌ముర్డో",
        "Timezone_Antarctica_Palmer": "పాల్మర్",
        "Timezone_Antarctica_Rothera": "రొతేరా",
        "Timezone_Antarctica_Syowa": "స్యోవా",
        "Timezone_Antarctica_Troll": "ట్రోల్",
        "Timezone_Antarctica_Vostok": "వోస్టోక్",
        "Timezone_Asia_Almaty": "ఆల్మాటి",
        "Timezone_Asia_Anadyr": "అనడైర్",
        "Timezone_Asia_Aqtau": "అక్టావ్",
        "Timezone_Asia_Aqtobe": "అక్టోబ్",
        "Timezone_Asia_Atyrau": "ఆటిరా",
        "Timezone_Asia_Barnaul": "బార్నాల్",
        "Timezone_Asia_Calcutta": "కోల్‌కతా",
        "Timezone_Asia_Chita": "చితా",
        "Timezone_Asia_Choibalsan": "చోయిబాల్సన్",
        "Timezone_Asia_Famagusta": "ఫామగుస్టా",
        "Timezone_Asia_Gaza": "గాజా",
        "Timezone_Asia_Hebron": "హెబ్రాన్",
        "Timezone_Asia_Hovd": "హోవ్డ్",
        "Timezone_Asia_Irkutsk": "ఇర్కుట్స్క్",
        "Timezone_Asia_Jakarta": "జకార్తా",
        "Timezone_Asia_Jayapura": "జయపుర",
        "Timezone_Asia_Kamchatka": "కమ్‌చత్కా",
        "Timezone_Asia_Katmandu": "ఖాట్మండు",
        "Timezone_Asia_Khandyga": "కంద్యాగ",
        "Timezone_Asia_Krasnoyarsk": "క్రసనోయార్స్క్",
        "Timezone_Asia_KualaLumpur": "కౌలాలంపూర్",
        "Timezone_Asia_Kuching": "కుచింగ్",
        "Timezone_Asia_Magadan": "మగడాన్",
        "Timezone_Asia_Makassar": "మకాస్సర్",
        "Timezone_Asia_Nicosia": "నికోసియా",
        "Timezone_Asia_Novokuznetsk": "నొవొకుజ్‌నెట్‌స్క్",
        "Timezone_Asia_Novosibirsk": "నవోసిబిర్స్క్",
        "Timezone_Asia_Omsk": "ఓమ్స్క్",
        "Timezone_Asia_Oral": "ఓరల్",
        "Timezone_Asia_Pontianak": "పొన్టియనాక్",
        "Timezone_Asia_Qostanay": "కోస్తానే",
        "Timezone_Asia_Qyzylorda": "క్విజిలోర్డా",
        "Timezone_Asia_Rangoon": "యాంగన్",
        "Timezone_Asia_Saigon": "హో చి మిన్హ్ నగరం",
        "Timezone_Asia_Sakhalin": "సఖాలిన్",
        "Timezone_Asia_Samarkand": "సమర్కాండ్",
        "Timezone_Asia_Shanghai": "షాంఘై",
        "Timezone_Asia_Srednekolymsk": "స్రెడ్నెకొలిమ్స్క్",
        "Timezone_Asia_Tashkent": "తాష్కెంట్",
        "Timezone_Asia_Tomsk": "టామ్స్క్",
        "Timezone_Asia_Ulaanbaatar": "ఉలాన్బాటర్",
        "Timezone_Asia_Urumqi": "ఉరుమ్‌కీ",
        "Timezone_Asia_Ust-Nera": "అస్ట్-నెరా",
        "Timezone_Asia_Vladivostok": "వ్లాడివోస్టోక్",
        "Timezone_Asia_Yakutsk": "యకుట్స్క్",
        "Timezone_Asia_Yekaterinburg": "యెకటెరింబర్గ్",
        "Timezone_Atlantic_Azores": "అజోర్స్",
        "Timezone_Atlantic_Canary": "కెనరీ",
        "Timezone_Atlantic_Faeroe": "ఫారో",
        "Timezone_Atlantic_Madeira": "మదైరా",
        "Timezone_Australia_Adelaide": "అడెలైడ్",
        "Timezone_Australia_Brisbane": "బ్రిస్‌బెయిన్",
        "Timezone_Australia_BrokenHill": "బ్రోకెన్ హిల్",
        "Timezone_Australia_Currie": "కర్రీ",
        "Timezone_Australia_Darwin": "డార్విన్",
        "Timezone_Australia_Eucla": "యుక్లా",
        "Timezone_Australia_Hobart": "హోబర్ట్",
        "Timezone_Australia_Lindeman": "లిండెమాన్",
        "Timezone_Australia_LordHowe": "లార్డ్ హౌ",
        "Timezone_Australia_Melbourne": "మెల్బోర్న్",
        "Timezone_Australia_Perth": "పెర్త్",
        "Timezone_Australia_Sydney": "సిడ్నీ",
        "Timezone_Europe_Astrakhan": "అస్ట్రఖాన్",
        "Timezone_Europe_Berlin": "బెర్లిన్",
        "Timezone_Europe_Busingen": "బసింజన్",
        "Timezone_Europe_Kaliningrad": "కలినిన్‌గ్రద్",
        "Timezone_Europe_Kiev": "కీవ్",
        "Timezone_Europe_Kirov": "కిరోవ్",
        "Timezone_Europe_Lisbon": "లిస్బన్",
        "Timezone_Europe_Madrid": "మాడ్రిడ్",
        "Timezone_Europe_Moscow": "మాస్కో",
        "Timezone_Europe_Samara": "సమార",
        "Timezone_Europe_Saratov": "సరాటవ్",
        "Timezone_Europe_Simferopol": "సిమ్‌ఫెరోపోల్",
        "Timezone_Europe_Ulyanovsk": "ఉల్యనోవ్స్క్",
        "Timezone_Europe_Uzhgorod": "ఉజ్‌హోరోడ్",
        "Timezone_Europe_Volgograd": "వోల్గోగ్రాడ్",
        "Timezone_Europe_Zaporozhye": "జపరోజై",
        "Timezone_Pacific_Auckland": "ఆక్లాండ్",
        "Timezone_Pacific_Bougainville": "బొగెయిన్‌విల్లే",
        "Timezone_Pacific_Chatham": "చాథమ్",
        "Timezone_Pacific_Easter": "ఈస్టర్",
        "Timezone_Pacific_Enderbury": "ఎండర్బెరీ",
        "Timezone_Pacific_Galapagos": "గాలాపాగోస్",
        "Timezone_Pacific_Gambier": "గాంబియేర్",
        "Timezone_Pacific_Honolulu": "హోనోలులు",
        "Timezone_Pacific_Johnston": "జాన్సటన్",
        "Timezone_Pacific_Kanton": "కాంతోన్",
        "Timezone_Pacific_Kiritimati": "కిరీటిమాటి",
        "Timezone_Pacific_Kosrae": "కోస్రే",
        "Timezone_Pacific_Kwajalein": "క్వాజాలైన్",
        "Timezone_Pacific_Majuro": "మజురో",
        "Timezone_Pacific_Marquesas": "మార్క్వేసాస్",
        "Timezone_Pacific_Midway": "మిడ్వే",
        "Timezone_Pacific_Ponape": "పోన్‌పై",
        "Timezone_Pacific_PortMoresby": "పోర్ట్ మోరెస్బే",
        "Timezone_Pacific_Tahiti": "తహితి",
        "Timezone_Pacific_Tarawa": "టరావా",
        "Timezone_Pacific_Truk": "చుక్",
        "Timezone_Pacific_Wake": "వేక్",
        "Today": "ఈ రోజు",
        "Year_Short": "సం.",
        "Yesterday": "నిన్న"
    }
}