[
  {
    "::194.57.91.215/128": {
      "city": {
        "geoname_id": 3033123,
        "names": {
          "de": "Besançon",
          "en": "Besançon",
          "es": "Besanzón",
          "fr": "Besançon",
          "ja": "ブザンソン",
          "pt-BR": "Besançon",
          "ru": "Безансон",
          "zh-CN": "贝桑松"
        }
      },
      "continent": {
        "code": "EU",
        "geoname_id": 6255148,
        "names": {
          "de": "Europa",
          "en": "Europe",
          "es": "Europa",
          "fr": "Europe",
          "ja": "ヨーロッパ",
          "pt-BR": "Europa",
          "ru": "Европа",
          "zh-CN": "欧洲"
        }
      },
      "country": {
        "geoname_id": 3017382,
        "iso_code": "FR",
        "names": {
          "de": "Frankreich",
          "en": "France",
          "es": "Francia",
          "fr": "France",
          "ja": "フランス共和国",
          "pt-BR": "França",
          "ru": "Франция",
          "zh-CN": "法国"
        }
      },
      "location": {
        "accuracy_radius": 50,
        "latitude": 47.2488,
        "longitude": 6.0182,
        "time_zone": "Europe\/Paris"
      },
      "postal": {
        "code": "25000"
      },
      "registered_country": {
        "geoname_id": 3017382,
        "iso_code": "FR",
        "names": {
          "de": "Frankreich",
          "en": "France",
          "es": "Francia",
          "fr": "France",
          "ja": "フランス共和国",
          "pt-BR": "França",
          "ru": "Франция",
          "zh-CN": "法国"
        }
      },
      "subdivisions": [
        {
          "geoname_id": 11071619,
          "iso_code": "BFC",
          "names": {
            "en": "Bourgogne-Franche-Comte",
            "fr": "Bourgogne-Franche-Comté"
          }
        },
        {
          "geoname_id": 3020989,
          "iso_code": "25",
          "names": {
            "de": "Doubs",
            "en": "Doubs",
            "es": "Doubs",
            "fr": "Doubs"
          }
        }
      ]
    }
  },
  {
    "::137.82.130.0/112": {
      "city": {
        "geoname_id": 6173331,
        "names": {
          "de": "Vancouver",
          "en": "Vancouver",
          "es": "Vancouver",
          "fr": "Vancouver",
          "ja": "バンクーバー市",
          "pt-BR": "Vancôver",
          "ru": "Ванкувер"
        }
      },
      "continent": {
        "code": "NA",
        "geoname_id": 6255149,
        "names": {
          "de": "Nordamerika",
          "en": "North America",
          "es": "Norteamérica",
          "fr": "Amérique du Nord",
          "ja": "北アメリカ",
          "pt-BR": "América do Norte",
          "ru": "Северная Америка",
          "zh-CN": "北美洲"
        }
      },
      "country": {
        "geoname_id": 6251999,
        "iso_code": "CA",
        "names": {
          "de": "Kanada",
          "en": "Canada",
          "es": "Canadá",
          "fr": "Canada",
          "ja": "カナダ",
          "pt-BR": "Canadá",
          "ru": "Канада",
          "zh-CN": "加拿大"
        }
      },
      "location": {
        "accuracy_radius": 5,
        "latitude": 49.25,
        "longitude": -123.133,
        "time_zone": "America\/Vancouver"
      },
      "postal": {
        "code": "V6T"
      },
      "registered_country": {
        "geoname_id": 6251999,
        "iso_code": "CA",
        "names": {
          "de": "Kanada",
          "en": "Canada",
          "es": "Canadá",
          "fr": "Canada",
          "ja": "カナダ",
          "pt-BR": "Canadá",
          "ru": "Канада",
          "zh-CN": "加拿大"
        }
      },
      "subdivisions": [
        {
          "geoname_id": 5909050,
          "iso_code": "BC",
          "names": {
            "en": "British Columbia",
            "es": "Columbia Británica",
            "fr": "Colombie-Britannique",
            "ja": "ブリティッシュコロンビア州",
            "pt-BR": "Colúmbia Britânica",
            "ru": "Британская Колумбия",
            "zh-CN": "不列颠哥伦比亚"
          }
        }
      ]
    }
  },
  {
    "::113.62.1.1/128": {
      "city": {
        "geoname_id": 1280737,
        "names": {
          "de": "Lhasa",
          "en": "Lhasa",
          "es": "Lhasa",
          "fr": "Lhassa",
          "ja": "ラサ市",
          "pt-BR": "Lassa",
          "ru": "Лхаса",
          "zh-CN": "拉萨"
        }
      },
      "continent": {
        "code": "AS",
        "geoname_id": 6255147,
        "names": {
          "de": "Asien",
          "en": "Asia",
          "es": "Asia",
          "fr": "Asie",
          "ja": "アジア",
          "pt-BR": "Ásia",
          "ru": "Азия",
          "zh-CN": "亚洲"
        }
      },
      "country": {
        "geoname_id": 1814991,
        "iso_code": "CN",
        "names": {
          "de": "China",
          "en": "China",
          "es": "China",
          "fr": "Chine",
          "ja": "中国",
          "pt-BR": "China",
          "ru": "Китай",
          "zh-CN": "中国"
        }
      },
      "location": {
        "accuracy_radius": 50,
        "latitude": 29.65,
        "longitude": 91.1,
        "time_zone": "Asia\/Urumqi"
      },
      "registered_country": {
        "geoname_id": 1814991,
        "iso_code": "CN",
        "names": {
          "de": "China",
          "en": "China",
          "es": "China",
          "fr": "Chine",
          "ja": "中国",
          "pt-BR": "China",
          "ru": "Китай",
          "zh-CN": "中国"
        }
      },
      "subdivisions": [
        {
          "geoname_id": 1279685,
          "iso_code": "XZ",
          "names": {
            "en": "Tibet",
            "fr": "Région autonome du Tibet",
            "zh-CN": "西藏自治区"
          }
        }
      ]
    }
  },
  {
    "::151.100.101.92/128": {
      "city": {
        "geoname_id": 3169070,
        "names": {
          "de": "Rom",
          "en": "Rome"
        }
      },
      "continent": {
        "code": "EU",
        "geoname_id": 6255148,
        "names": {
          "de": "Europa",
          "en": "Europe",
          "es": "Europa",
          "fr": "Europe",
          "ja": "ヨーロッパ",
          "pt-BR": "Europa",
          "ru": "Европа",
          "zh-CN": "欧洲"
        }
      },
      "country": {
        "geoname_id": 3175395,
        "iso_code": "IT",
        "names": {
          "de": "Italien",
          "en": "Italy",
          "es": "Italia",
          "fr": "Italie",
          "ja": "イタリア共和国",
          "pt-BR": "Itália",
          "ru": "Италия",
          "zh-CN": "意大利"
        }
      },
      "location": {
        "accuracy_radius": 500,
        "latitude": 41.9,
        "longitude": 12.483,
        "time_zone": "Europe\/Rome"
      },
      "registered_country": {
        "geoname_id": 3175395,
        "iso_code": "IT",
        "names": {
          "de": "Italien",
          "en": "Italy",
          "es": "Italia",
          "fr": "Italie",
          "ja": "イタリア共和国",
          "pt-BR": "Itália",
          "ru": "Италия",
          "zh-CN": "意大利"
        }
      },
      "subdivisions": [
        {
          "geoname_id": 3174976,
          "iso_code": "62",
          "names": {
            "de": "Latium",
            "en": "Latium",
            "es": "Lacio",
            "fr": "Latium",
            "ja": "ラツィオ州",
            "pt-BR": "Lácio",
            "ru": "Лацио",
            "zh-CN": "拉齐奥"
          }
        }
      ]
    }
  },
  {
    "::103.29.196.229/128": {
      "continent": {
        "code": "AS",
        "geoname_id": 6255147,
        "names": {
          "de": "Asien",
          "en": "Asia",
          "es": "Asia",
          "fr": "Asie",
          "ja": "アジア",
          "pt-BR": "Ásia",
          "ru": "Азия",
          "zh-CN": "亚洲"
        }
      },
      "country": {
        "geoname_id": 1643084,
        "iso_code": "ID",
        "names": {
          "de": "Indonesien",
          "en": "Indonesia",
          "es": "Indonesia",
          "fr": "Indonésie",
          "ja": "インドネシア共和国",
          "pt-BR": "Indonésia",
          "ru": "Индонезия",
          "zh-CN": "印度尼西亚"
        }
      },
      "location": {
        "accuracy_radius": 5000,
        "latitude": -5.001,
        "longitude": 119.998,
        "time_zone": "Asia\/Jakarta"
      },
      "registered_country": {
        "geoname_id": 1643084,
        "iso_code": "ID",
        "names": {
          "de": "Indonesien",
          "en": "Indonesia",
          "es": "Indonesia",
          "fr": "Indonésie",
          "ja": "インドネシア共和国",
          "pt-BR": "Indonésia",
          "ru": "Индонезия",
          "zh-CN": "印度尼西亚"
        }
      }
    }
  },
  {
    "::1.2.3.0/120": {
      "continent": {
        "code": "OC",
        "geoname_id": 2077456,
        "names": {
          "de": "Ozeanien",
          "en": "Oceania"
        }
      },
      "country": {
        "geoname_id": 2077456,
        "iso_code": "AU",
        "names": {
          "de": "Australien",
          "en": "Australia"
        }
      },
      "location": {
        "accuracy_radius": 50,
        "latitude": -27.0,
        "longitude": 133.0
      },
      "registered_country": {
        "geoname_id": 2077456,
        "iso_code": "AU",
        "names": {
          "de": "Australien",
          "en": "Australia"
        }
      }
    }
  },
  {
    "::1.2.4.0/120": {
      "continent": {
        "code": "AS",
        "geoname_id": 6255147,
        "names": {
          "de": "Asien",
          "en": "Asia",
          "es": "Asia",
          "fr": "Asie",
          "ja": "アジア",
          "pt-BR": "Ásia",
          "ru": "Азия",
          "zh-CN": "亚洲"
        }
      },
      "country": {
        "geoname_id": 1814991,
        "iso_code": "CN",
        "names": {
          "de": "China",
          "en": "China",
          "es": "China",
          "fr": "Chine",
          "ja": "中国",
          "pt-BR": "China",
          "ru": "Китай",
          "zh-CN": "中国"
        }
      },
      "location": {
        "accuracy_radius": 50,
        "latitude": 35.0,
        "longitude": 105.0
      },
      "registered_country": {
        "geoname_id": 1814991,
        "iso_code": "CN",
        "names": {
          "de": "China",
          "en": "China",
          "es": "China",
          "fr": "Chine",
          "ja": "中国",
          "pt-BR": "China",
          "ru": "Китай",
          "zh-CN": "中国"
        }
      }
    }
  },
  {
    "2003:f6:93bf:26f:9ec7:a6ff:fe29:27df/128": {
      "continent": {
        "code": "NA",
        "geoname_id": 6255149,
        "names": {
          "de": "Nordamerika",
          "en": "North America",
          "es": "Norteamérica",
          "fr": "Amérique du Nord",
          "ja": "北アメリカ",
          "pt-BR": "América do Norte",
          "ru": "Северная Америка",
          "zh-CN": "北美洲"
        }
      },
      "country": {
        "geoname_id": 6252001,
        "iso_code": "US",
        "names": {
          "de": "USA",
          "en": "United States",
          "es": "Estados Unidos",
          "fr": "États-Unis",
          "ja": "アメリカ合衆国",
          "pt-BR": "Estados Unidos",
          "ru": "США",
          "zh-CN": "美国"
        }
      },
      "location": {
        "accuracy_radius": 5000,
        "latitude": 38.00,
        "longitude": -97.00,
        "time_zone": "America\/New_York"
      },
      "registered_country": {
        "geoname_id": 6252001,
        "iso_code": "US",
        "names": {
          "de": "USA",
          "en": "United States",
          "es": "Estados Unidos",
          "fr": "États-Unis",
          "ja": "アメリカ合衆国",
          "pt-BR": "Estados Unidos",
          "ru": "США",
          "zh-CN": "美国"
        }
      }
    }
  },
  {
    "::175.41.192.0/120": {
      "continent": {
        "code": "AS",
        "geoname_id": 6255147,
        "names": {
          "de": "Asien",
          "en": "Asia",
          "es": "Asia",
          "fr": "Asie",
          "ja": "アジア",
          "pt-BR": "Ásia",
          "ru": "Азия",
          "zh-CN": "亚洲"
        }
      },
      "country": {
        "geoname_id": 1861060,
        "iso_code": "JP",
        "names": {
          "de": "Japan",
          "en": "Japan",
          "es": "Japón",
          "fr": "Japon",
          "ja": "日本",
          "pt-BR": "Japão",
          "ru": "Япония",
          "zh-CN": "日本"
        }
      },
      "location": {
        "accuracy_radius": 500,
        "latitude": 36.00,
        "longitude": 137.9998,
        "time_zone": "Asia\/Tokyo"
      },
      "registered_country": {
        "geoname_id": 1861060,
        "iso_code": "JP",
        "names": {
          "de": "Japan",
          "en": "Japan",
          "es": "Japón",
          "fr": "Japon",
          "ja": "日本",
          "pt-BR": "Japão",
          "ru": "Япония",
          "zh-CN": "日本"
        }
      }
    }
  },
  {
    "::72.44.32.10/127": {
      "city": {
        "geoname_id": 4744870,
        "names": {
          "en": "Ashburn",
          "ru": "Ашберн"
        }
      },
      "continent": {
        "code": "NA",
        "geoname_id": 6255149,
        "names": {
          "de": "Nordamerika",
          "en": "North America",
          "es": "Norteamérica",
          "fr": "Amérique du Nord",
          "ja": "北アメリカ",
          "pt-BR": "América do Norte",
          "ru": "Северная Америка",
          "zh-CN": "北美洲"
        }
      },
      "country": {
        "geoname_id": 6252001,
        "iso_code": "US",
        "names": {
          "de": "USA",
          "en": "United States",
          "es": "Estados Unidos",
          "fr": "États-Unis",
          "ja": "アメリカ合衆国",
          "pt-BR": "Estados Unidos",
          "ru": "США",
          "zh-CN": "美国"
        }
      },
      "location": {
        "accuracy_radius": 1000,
        "latitude": 39.044,
        "longitude": -77.488,
        "metro_code": 511,
        "time_zone": "America\/New_York"
      },
      "postal": {
        "code": "20149"
      },
      "registered_country": {
        "geoname_id": 6252001,
        "iso_code": "US",
        "names": {
          "de": "USA",
          "en": "United States",
          "es": "Estados Unidos",
          "fr": "États-Unis",
          "ja": "アメリカ合衆国",
          "pt-BR": "Estados Unidos",
          "ru": "США",
          "zh-CN": "美国"
        }
      },
      "subdivisions": [
        {
          "geoname_id": 6254928,
          "iso_code": "VA",
          "names": {
            "en": "Virginia",
            "fr": "Virginie",
            "ja": "バージニア州",
            "pt-BR": "Virgínia",
            "ru": "Вирджиния",
            "zh-CN": "弗吉尼亚州"
          }
        }
      ]
    }
  },
  {
    "::177.71.128.21/128": {
      "continent": {
        "code": "SA",
        "geoname_id": 6255150,
        "names": {
          "de": "Südamerika",
          "en": "South America",
          "es": "Sudamérica",
          "fr": "Amérique du Sud",
          "ja": "南アメリカ",
          "pt-BR": "América do Sul",
          "ru": "Южная Америка",
          "zh-CN": "南美洲"
        }
      },
      "country": {
        "geoname_id": 3469034,
        "iso_code": "BR",
        "names": {
          "de": "Brasilien",
          "en": "Brazil",
          "es": "Brasil",
          "fr": "Brésil",
          "ja": "ブラジル連邦共和国",
          "pt-BR": "Brasil",
          "ru": "Бразилия",
          "zh-CN": "巴西"
        }
      },
      "location": {
        "accuracy_radius": 1000,
        "latitude": -10.00,
        "longitude": -55.00,
        "time_zone": "America\/Sao_Paulo"
      },
      "registered_country": {
        "geoname_id": 3469034,
        "iso_code": "BR",
        "names": {
          "de": "Brasilien",
          "en": "Brazil",
          "es": "Brasil",
          "fr": "Brésil",
          "ja": "ブラジル連邦共和国",
          "pt-BR": "Brasil",
          "ru": "Бразилия",
          "zh-CN": "巴西"
        }
      }
    }
  },
  {
    "::50.112.0.0/112": {
      "city": {
        "geoname_id": 5714964,
        "names": {
          "en": "San Jose"
        }
      },
      "continent": {
        "code": "NA",
        "geoname_id": 6255149,
        "names": {
          "de": "Nordamerika",
          "en": "North America",
          "es": "Norteamérica",
          "fr": "Amérique du Nord",
          "ja": "北アメリカ",
          "pt-BR": "América do Norte",
          "ru": "Северная Америка",
          "zh-CN": "北美洲"
        }
      },
      "country": {
        "geoname_id": 6252001,
        "iso_code": "US",
        "names": {
          "de": "USA",
          "en": "United States",
          "es": "Estados Unidos",
          "fr": "États-Unis",
          "ja": "アメリカ合衆国",
          "pt-BR": "Estados Unidos",
          "ru": "США",
          "zh-CN": "美国"
        }
      },
      "location": {
        "accuracy_radius": 1000,
        "latitude": 45.8696,
        "longitude": -119.688,
        "metro_code": 810,
        "time_zone": "America\/Los_Angeles"
      },
      "registered_country": {
        "geoname_id": 6252001,
        "iso_code": "US",
        "names": {
          "de": "USA",
          "en": "United States",
          "es": "Estados Unidos",
          "fr": "États-Unis",
          "ja": "アメリカ合衆国",
          "pt-BR": "Estados Unidos",
          "ru": "США",
          "zh-CN": "美国"
        }
      },
      "subdivisions": [
        {
          "geoname_id": 5332921,
          "iso_code": "CA",
          "names": {
            "de": "Kalifornien",
            "en": "California",
            "es": "California",
            "fr": "Californie",
            "ja": "カリフォルニア州",
            "pt-BR": "Califórnia",
            "ru": "Калифорния",
            "zh-CN": "加利福尼亚州"
          }
        }
      ]
    }
  },
  {
    "::95.81.66.139/128": {
      "city": {
        "geoname_id": 113646,
        "names": {
          "en": "Tabriz"
        }
      },
      "continent": {
        "code": "AS",
        "geoname_id": 6255147,
        "names": {
          "de": "Asien",
          "en": "Asia",
          "es": "Asia",
          "fr": "Asie",
          "ja": "アジア",
          "pt-BR": "Ásia",
          "ru": "Азия",
          "zh-CN": "亚洲"
        }
      },
      "country": {
        "geoname_id": 130758,
        "iso_code": "IR",
        "names": {
          "de": "Iran (Islamische Republik)",
          "en": "Iran",
          "es": "Irán",
          "fr": "Iran",
          "ja": "イラン・イスラム共和国",
          "pt-BR": "Irã",
          "ru": "Иран",
          "zh-CN": "伊朗伊斯兰共和国"
        }
      },
      "location": {
        "accuracy_radius": 50,
        "latitude": 38.08,
        "longitude": 46.292,
        "time_zone": "Asia\/Tehran"
      },
      "registered_country": {
        "geoname_id": 130758,
        "iso_code": "IR",
        "names": {
          "de": "Iran (Islamische Republik)",
          "en": "Iran",
          "es": "Irán",
          "fr": "Iran",
          "ja": "イラン・イスラム共和国",
          "pt-BR": "Irã",
          "ru": "Иран",
          "zh-CN": "伊朗伊斯兰共和国"
        }
      },
      "subdivisions": [
        {
          "geoname_id": 142549,
          "iso_code": "01",
          "names": {
            "en": "East Azerbaijan",
            "es": "Azerbaiyán Oriental"
          }
        }
      ]
    }
  },
  {
    "::70.117.169.113/128": {
      "city": {
        "geoname_id": 5520993,
        "names": {
          "de": "El Paso",
          "en": "El Paso",
          "es": "El Paso",
          "fr": "El Paso",
          "ja": "エル・パソ",
          "pt-BR": "El Paso",
          "ru": "Эль-Пасо"
        }
      },
      "continent": {
        "code": "NA",
        "geoname_id": 6255149,
        "names": {
          "de": "Nordamerika",
          "en": "North America",
          "es": "Norteamérica",
          "fr": "Amérique du Nord",
          "ja": "北アメリカ",
          "pt-BR": "América do Norte",
          "ru": "Северная Америка",
          "zh-CN": "北美洲"
        }
      },
      "country": {
        "geoname_id": 6252001,
        "iso_code": "US",
        "names": {
          "de": "USA",
          "en": "United States",
          "es": "Estados Unidos",
          "fr": "États-Unis",
          "ja": "アメリカ合衆国",
          "pt-BR": "Estados Unidos",
          "ru": "США",
          "zh-CN": "美国"
        }
      },
      "location": {
        "accuracy_radius": 10,
        "latitude": 31.796,
        "longitude": -106.376,
        "metro_code": 765,
        "time_zone": "America\/Denver"
      },
      "postal": {
        "code": "79925"
      },
      "registered_country": {
        "geoname_id": 6252001,
        "iso_code": "US",
        "names": {
          "de": "USA",
          "en": "United States",
          "es": "Estados Unidos",
          "fr": "États-Unis",
          "ja": "アメリカ合衆国",
          "pt-BR": "Estados Unidos",
          "ru": "США",
          "zh-CN": "美国"
        }
      },
      "subdivisions": [
        {
          "geoname_id": 4736286,
          "iso_code": "TX",
          "names": {
            "en": "Texas",
            "es": "Texas",
            "fr": "Texas",
            "ja": "テキサス州",
            "ru": "Техас",
            "zh-CN": "德克萨斯州"
          }
        }
      ]
    }
  },
  {
    "::79.125.0.21/128": {
      "continent": {
        "code": "EU",
        "geoname_id": 6255148,
        "names": {
          "de": "Europa",
          "en": "Europe",
          "es": "Europa",
          "fr": "Europe",
          "ja": "ヨーロッパ",
          "pt-BR": "Europa",
          "ru": "Европа",
          "zh-CN": "欧洲"
        }
      },
      "country": {
        "geoname_id": 2963597,
        "iso_code": "IE",
        "names": {
          "de": "Irland",
          "en": "Ireland",
          "es": "Irlanda",
          "fr": "Irlande",
          "ja": "アイルランド",
          "pt-BR": "Irlanda",
          "ru": "Ирландия",
          "zh-CN": "爱尔兰"
        }
      },
      "location": {
        "accuracy_radius": 200,
        "latitude": 53.0,
        "longitude": -8.0,
        "time_zone": "Europe\/Dublin"
      },
      "registered_country": {
        "geoname_id": 2963597,
        "iso_code": "IE",
        "names": {
          "de": "Irland",
          "en": "Ireland",
          "es": "Irlanda",
          "fr": "Irlande",
          "ja": "アイルランド",
          "pt-BR": "Irlanda",
          "ru": "Ирландия",
          "zh-CN": "爱尔兰"
        }
      }
    }
  },
  {
    "::123.45.67.89/128": {
      "city": {
        "geoname_id": 5913601,
        "names": {
          "en": "Seoul"
        }
      },
      "continent": {
        "code": "AS",
        "geoname_id": 6255147,
        "names": {
          "de": "Asien",
          "en": "Asia",
          "es": "Asia",
          "fr": "Asie",
          "ja": "アジア",
          "pt-BR": "Ásia",
          "ru": "Азия",
          "zh-CN": "亚洲"
        }
      },
      "country": {
        "geoname_id": 1835841,
        "iso_code": "KR",
        "names": {
          "de": "Südkorea",
          "en": "Republic of Korea",
          "es": "Corea del Sur",
          "fr": "Corée du Sud",
          "ja": "大韓民国",
          "pt-BR": "Coreia do Sul",
          "ru": "Южная Корея",
          "zh-CN": "大韩民国"
        }
      },
      "location": {
        "accuracy_radius": 200,
        "latitude": 37.599,
        "longitude": 126.978,
        "time_zone": "Asia\/Seoul"
      },
      "registered_country": {
        "geoname_id": 1835841,
        "iso_code": "KR",
        "names": {
          "de": "Südkorea",
          "en": "Republic of Korea",
          "es": "Corea del Sur",
          "fr": "Corée du Sud",
          "ja": "大韓民国",
          "pt-BR": "Coreia do Sul",
          "ru": "Южная Корея",
          "zh-CN": "大韩民国"
        }
      },
      "subdivisions": [
        {
          "geoname_id": 1835848,
          "iso_code": "11",
          "names": {
            "en": "Seoul",
            "ja": "ソウル特別市",
            "zh-CN": "首尔特别市"
          }
        }
      ]
    }
  },
  {
    "::72.45.67.32/128": {
      "city": {
        "geoname_id": 5979345,
        "names": {
          "en": "Igloolik"
        }
      },
      "continent": {
        "code": "NA",
        "geoname_id": 6255149,
        "names": {
          "de": "Nordamerika",
          "en": "North America",
          "es": "Norteamérica",
          "fr": "Amérique du Nord",
          "ja": "北アメリカ",
          "pt-BR": "América do Norte",
          "ru": "Северная Америка",
          "zh-CN": "北美洲"
        }
      },
      "country": {
        "geoname_id": 6251999,
        "iso_code": "CA",
        "names": {
          "de": "Kanada",
          "en": "Canada",
          "es": "Canadá",
          "fr": "Canada",
          "ja": "カナダ",
          "pt-BR": "Canadá",
          "ru": "Канада",
          "zh-CN": "加拿大"
        }
      },
      "location": {
        "accuracy_radius": 100,
        "latitude": 69.4,
        "longitude": -81.8,
        "time_zone": "America\/Edmonton"
      },
      "registered_country": {
        "geoname_id": 6251999,
        "iso_code": "CA",
        "names": {
          "de": "Kanada",
          "en": "Canada",
          "es": "Canadá",
          "fr": "Canada",
          "ja": "カナダ",
          "pt-BR": "Canadá",
          "ru": "Канада",
          "zh-CN": "加拿大"
        }
      },
      "subdivisions": [
        {
          "geoname_id": 589632,
          "iso_code": "NU",
          "names": {
            "en": "Nunavut",
            "fr": "Nunavut",
            "ja": "ヌナブト準州",
            "pt-BR": "Nunavute",
            "ru": "Нунавут"
          }
        }
      ]
    }
  },
  {
    "::73.77.55.45/128": {
      "city": {
        "geoname_id": 4503136,
        "names": {
          "en": "Mount Laurel"
        }
      },
      "continent": {
        "code": "NA",
        "geoname_id": 6255149,
        "names": {
          "de": "Nordamerika",
          "en": "North America",
          "es": "Norteamérica",
          "fr": "Amérique du Nord",
          "ja": "北アメリカ",
          "pt-BR": "América do Norte",
          "ru": "Северная Америка",
          "zh-CN": "北美洲"
        }
      },
      "country": {
        "geoname_id": 6252001,
        "iso_code": "US",
        "names": {
          "de": "USA",
          "en": "United States",
          "es": "Estados Unidos",
          "fr": "États-Unis",
          "ja": "アメリカ合衆国",
          "pt-BR": "Estados Unidos",
          "ru": "США",
          "zh-CN": "美国"
        }
      },
      "location": {
        "accuracy_radius": 1,
        "latitude": 39.957,
        "longitude": -74.916,
        "time_zone": "America\/Chicago"
      },
      "postal": {
        "code": "08054"
      },
      "registered_country": {
        "geoname_id": 6252001,
        "iso_code": "US",
        "names": {
          "de": "USA",
          "en": "United States",
          "es": "Estados Unidos",
          "fr": "États-Unis",
          "ja": "アメリカ合衆国",
          "pt-BR": "Estados Unidos",
          "ru": "США",
          "zh-CN": "美国"
        }
      },
      "subdivisions": [
        {
          "geoname_id": 5101760,
          "iso_code": "NJ",
          "names": {
            "en": "New Jersey",
            "es": "Nueva Jersey",
            "fr": "New Jersey",
            "ja": "ニュージャージー州",
            "pt-BR": "Nova Jérsia",
            "ru": "Нью-Джерси",
            "zh-CN": "新泽西州"
          }
        }
      ]
    }
  },
  {
    "::180.153.201.215/128": {
      "city": {
        "geoname_id": 1796236,
        "names": {
          "de": "Shanghai",
          "en": "Shanghai",
          "es": "Shanghai",
          "fr": "Shanghai",
          "ja": "上海",
          "pt-BR": "Xangai",
          "ru": "Шанхай",
          "zh-CN": "上海"
        }
      },
      "continent": {
        "code": "AS",
        "geoname_id": 6255147,
        "names": {
          "de": "Asien",
          "en": "Asia",
          "es": "Asia",
          "fr": "Asie",
          "ja": "アジア",
          "pt-BR": "Ásia",
          "ru": "Азия",
          "zh-CN": "亚洲"
        }
      },
      "country": {
        "geoname_id": 1814991,
        "iso_code": "CN",
        "names": {
          "de": "China",
          "en": "China",
          "es": "China",
          "fr": "Chine",
          "ja": "中国",
          "pt-BR": "China",
          "ru": "Китай",
          "zh-CN": "中国"
        }
      },
      "location": {
        "accuracy_radius": 1,
        "latitude": 31.0456,
        "longitude": 121.3997,
        "time_zone": "Asia\/Shanghai"
      },
      "registered_country": {
        "geoname_id": 1814991,
        "iso_code": "CN",
        "names": {
          "de": "China",
          "en": "China",
          "es": "China",
          "fr": "Chine",
          "ja": "中国",
          "pt-BR": "China",
          "ru": "Китай",
          "zh-CN": "中国"
        }
      },
      "subdivisions": [
        {
          "geoname_id": 1796231,
          "iso_code": "SH",
          "names": {
            "en": "Shanghai",
            "fr": "Municipalité de Shanghai",
            "pt-BR": "Xangai",
            "zh-CN": "上海"
          }
        }
      ]
    }
  },
  {
    "::84.194.72.21/128": {
      "city": {
        "geoname_id": 2791964,
        "names": {
          "en": "Maaseik"
        }
      },
      "continent": {
        "code": "EU",
        "geoname_id": 6255148,
        "names": {
          "de": "Europa",
          "en": "Europe",
          "es": "Europa",
          "fr": "Europe",
          "ja": "ヨーロッパ",
          "pt-BR": "Europa",
          "ru": "Европа",
          "zh-CN": "欧洲"
        }
      },
      "country": {
        "geoname_id": 2802361,
        "iso_code": "BE",
        "names": {
          "de": "Belgien",
          "en": "Belgium",
          "es": "Bélgica",
          "fr": "Belgique",
          "ja": "ベルギー王国",
          "pt-BR": "Bélgica",
          "ru": "Бельгия",
          "zh-CN": "比利时"
        }
      },
      "location": {
        "accuracy_radius": 10,
        "latitude": 51.100,
        "longitude": 5.80,
        "time_zone": "Europe\/Brussels"
      },
      "postal": {
        "code": "3500"
      },
      "registered_country": {
        "geoname_id": 2802361,
        "iso_code": "BE",
        "names": {
          "de": "Belgien",
          "en": "Belgium",
          "es": "Bélgica",
          "fr": "Belgique",
          "ja": "ベルギー王国",
          "pt-BR": "Bélgica",
          "ru": "Бельгия",
          "zh-CN": "比利时"
        }
      },
      "subdivisions": [
        {
          "geoname_id": 3337388,
          "iso_code": "VLG",
          "names": {
            "de": "Flandern",
            "en": "Flanders",
            "es": "Flandes",
            "fr": "Région Flamande",
            "pt-BR": "Flandres"
          }
        },
        {
          "geoname_id": 2792347,
          "iso_code": "VLI",
          "names": {
            "en": "Limburg Province",
            "fr": "Limbourg",
            "pt-BR": "Limburgo"
          }
        }
      ]
    }
  },
  {
    "::93.80.130.163/128": {
      "city": {
        "geoname_id": 524901,
        "names": {
          "de": "Moskau",
          "en": "Moscow",
          "es": "Moscú",
          "fr": "Moscou",
          "ja": "モスクワ",
          "pt-BR": "Moscovo",
          "ru": "Москва",
          "zh-CN": "莫斯科"
        }
      },
      "continent": {
        "code": "EU",
        "geoname_id": 6255148,
        "names": {
          "de": "Europa",
          "en": "Europe",
          "es": "Europa",
          "fr": "Europe",
          "ja": "ヨーロッパ",
          "pt-BR": "Europa",
          "ru": "Европа",
          "zh-CN": "欧洲"
        }
      },
      "country": {
        "geoname_id": 2017370,
        "iso_code": "RU",
        "names": {
          "de": "Russland",
          "en": "Russia",
          "es": "Rusia",
          "fr": "Russie",
          "ja": "ロシア",
          "pt-BR": "Rússia",
          "ru": "Россия",
          "zh-CN": "俄罗斯"
        }
      },
      "location": {
        "accuracy_radius": 1,
        "latitude": 55.7522,
        "longitude": 37.6156,
        "time_zone": "Europe\/Moscow"
      },
      "postal": {
        "code": "101770"
      },
      "registered_country": {
        "geoname_id": 2017370,
        "iso_code": "RU",
        "names": {
          "de": "Russland",
          "en": "Russia",
          "es": "Rusia",
          "fr": "Russie",
          "ja": "ロシア",
          "pt-BR": "Rússia",
          "ru": "Россия",
          "zh-CN": "俄罗斯"
        }
      },
      "subdivisions": [
        {
          "geoname_id": 524894,
          "iso_code": "MOW",
          "names": {
            "de": "Moskau",
            "en": "Moscow",
            "es": "Moscú",
            "fr": "Moscou",
            "ru": "Москва"
          }
        }
      ]
    }
  },
  {
    "::176.41.226.0/120": {
      "city": {
        "geoname_id": 745003,
        "names": {
          "en": "Esentepe"
        }
      },
      "continent": {
        "code": "AS",
        "geoname_id": 6255147,
        "names": {
          "de": "Asien",
          "en": "Asia",
          "es": "Asia",
          "fr": "Asie",
          "ja": "アジア",
          "pt-BR": "Ásia",
          "ru": "Азия",
          "zh-CN": "亚洲"
        }
      },
      "country": {
        "geoname_id": 298795,
        "iso_code": "TR",
        "names": {
          "de": "Türkei",
          "en": "Turkey",
          "es": "Turquía",
          "fr": "Turquie",
          "ja": "トルコ共和国",
          "pt-BR": "Turquia",
          "ru": "Турция",
          "zh-CN": "土耳其"
        }
      },
      "location": {
        "accuracy_radius": 500,
        "latitude": 40.979,
        "longitude": 40.415,
        "time_zone": "Europe\/Istanbul"
      },
      "registered_country": {
        "geoname_id": 298795,
        "iso_code": "TR",
        "names": {
          "de": "Türkei",
          "en": "Turkey",
          "es": "Turquía",
          "fr": "Turquie",
          "ja": "トルコ共和国",
          "pt-BR": "Turquia",
          "ru": "Турция",
          "zh-CN": "土耳其"
        }
      },
      "subdivisions": [
        {
          "geoname_id": 740481,
          "iso_code": "53",
          "names": {
            "en": "Rize"
          }
        }
      ]
    }
  },
  {
    "::188.107.238.9/128": {
      "city": {
        "geoname_id": 3207706,
        "names": {
          "de": "Mainz",
          "en": "Mainz"
        }
      },
      "continent": {
        "code": "EU",
        "geoname_id": 6255148,
        "names": {
          "de": "Europa",
          "en": "Europe",
          "es": "Europa",
          "fr": "Europe",
          "ja": "ヨーロッパ",
          "pt-BR": "Europa",
          "ru": "Европа",
          "zh-CN": "欧洲"
        }
      },
      "country": {
        "geoname_id": 2921044,
        "iso_code": "DE",
        "names": {
          "de": "Deutschland",
          "en": "Germany",
          "es": "Alemania",
          "fr": "Allemagne",
          "ja": "ドイツ連邦共和国",
          "pt-BR": "Alemanha",
          "ru": "Германия",
          "zh-CN": "德国"
        }
      },
      "location": {
        "accuracy_radius": 200,
        "latitude": 50,
        "longitude": 8.2711,
        "time_zone": "Europe\/Berlin"
      },
      "registered_country": {
        "geoname_id": 2921044,
        "iso_code": "DE",
        "names": {
          "de": "Deutschland",
          "en": "Germany",
          "es": "Alemania",
          "fr": "Allemagne",
          "ja": "ドイツ連邦共和国",
          "pt-BR": "Alemanha",
          "ru": "Германия",
          "zh-CN": "德国"
        }
      },
      "subdivisions": [
        {
          "geoname_id": 2847618,
          "iso_code": "RP",
          "names": {
            "de": "Rheinland-Pfalz",
            "en": "Rheinland-Pfalz",
            "es": "Rheinland-Pfalz",
            "fr": "Rhénanie-Palatinat",
            "ja": "ラインラント＝プファルツ州",
            "pt-BR": "Renânia-Palatinado",
            "ru": "Рейнланд-Пфальц",
            "zh-CN": "莱茵兰-普法尔茨"
          }
        }
      ]
    }
  },
  {
    "::206.190.75.8/128": {
      "city": {
        "geoname_id": 4899012,
        "names": {
          "de": "Lake Forest",
          "en": "Lake Forest"
        }
      },
      "continent": {
        "code": "NA",
        "geoname_id": 6255149,
        "names": {
          "de": "Nordamerika",
          "en": "North America",
          "es": "Norteamérica",
          "fr": "Amérique du Nord",
          "ja": "北アメリカ",
          "pt-BR": "América do Norte",
          "ru": "Северная Америка",
          "zh-CN": "北美洲"
        }
      },
      "country": {
        "geoname_id": 6252001,
        "iso_code": "US",
        "names": {
          "de": "USA",
          "en": "United States",
          "es": "Estados Unidos",
          "fr": "États-Unis",
          "ja": "アメリカ合衆国",
          "pt-BR": "Estados Unidos",
          "ru": "США",
          "zh-CN": "美国"
        }
      },
      "location": {
        "accuracy_radius": 20,
        "latitude": 33.645,
        "longitude": -117.679,
        "metro_code": 803,
        "time_zone": "America\/Los_Angeles"
      },
      "postal": {
        "code": "92630"
      },
      "registered_country": {
        "geoname_id": 6252001,
        "iso_code": "US",
        "names": {
          "de": "USA",
          "en": "United States",
          "es": "Estados Unidos",
          "fr": "États-Unis",
          "ja": "アメリカ合衆国",
          "pt-BR": "Estados Unidos",
          "ru": "США",
          "zh-CN": "美国"
        }
      },
      "subdivisions": [
        {
          "geoname_id": 5332921,
          "iso_code": "CA",
          "names": {
            "de": "Kalifornien",
            "en": "California",
            "es": "California",
            "fr": "Californie",
            "ja": "カリフォルニア州",
            "pt-BR": "Califórnia",
            "ru": "Калифорния",
            "zh-CN": "加利福尼亚州"
          }
        }
      ]
    }
  },
  {
    "::80.136.160.65/128": {
      "city": {
        "geoname_id": 2812522,
        "names": {
          "de": "Weilerswist",
          "en": "Weilerswist"
        }
      },
      "continent": {
        "code": "EU",
        "geoname_id": 6255148,
        "names": {
          "de": "Europa",
          "en": "Europe",
          "es": "Europa",
          "fr": "Europe",
          "ja": "ヨーロッパ",
          "pt-BR": "Europa",
          "ru": "Европа",
          "zh-CN": "欧洲"
        }
      },
      "country": {
        "geoname_id": 2921044,
        "iso_code": "DE",
        "names": {
          "de": "Deutschland",
          "en": "Germany",
          "es": "Alemania",
          "fr": "Allemagne",
          "ja": "ドイツ連邦共和国",
          "pt-BR": "Alemanha",
          "ru": "Германия",
          "zh-CN": "德国"
        }
      },
      "location": {
        "accuracy_radius": 200,
        "latitude": 50.7671,
        "longitude": 6.8329
      },
      "registered_country": {
        "geoname_id": 2921044,
        "iso_code": "DE",
        "names": {
          "de": "Deutschland",
          "en": "Germany",
          "es": "Alemania",
          "fr": "Allemagne",
          "ja": "ドイツ連邦共和国",
          "pt-BR": "Alemanha",
          "ru": "Германия",
          "zh-CN": "德国"
        }
      },
      "subdivisions": [
        {
          "geoname_id": 2861876,
          "iso_code": "NW",
          "names": {
            "en": "North Rhine-Westphalia"
          }
        }
      ]
    }
  },
  {
    "::219.101.46.222/128": {
      "city": {
        "geoname_id": 1855444,
        "names": {
          "en": "Nihon'odori"
        }
      },
      "continent": {
        "code": "AS",
        "geoname_id": 6255147,
        "names": {
          "de": "Asien",
          "en": "Asia",
          "es": "Asia",
          "fr": "Asie",
          "ja": "アジア",
          "pt-BR": "Ásia",
          "ru": "Азия",
          "zh-CN": "亚洲"
        }
      },
      "country": {
        "geoname_id": 1861060,
        "iso_code": "JP",
        "names": {
          "de": "Japan",
          "en": "Japan",
          "es": "Japón",
          "fr": "Japon",
          "ja": "日本",
          "pt-BR": "Japão",
          "ru": "Япония",
          "zh-CN": "日本"
        }
      },
      "location": {
        "accuracy_radius": 20,
        "latitude": 35.45,
        "longitude": 139.65,
        "time_zone": "Asia\/Tokyo"
      },
      "postal": {
        "code": "102-0082"
      },
      "registered_country": {
        "geoname_id": 1861060,
        "iso_code": "JP",
        "names": {
          "de": "Japan",
          "en": "Japan",
          "es": "Japón",
          "fr": "Japon",
          "ja": "日本",
          "pt-BR": "Japão",
          "ru": "Япония",
          "zh-CN": "日本"
        }
      },
      "subdivisions": [
        {
          "geoname_id": 1860291,
          "iso_code": "14",
          "names": {
            "en": "Kanagawa"
          }
        }
      ]
    }
  },
  {
    "::108.211.181.12/128": {
      "city": {
        "geoname_id": 5391959,
        "names": {
          "de": "San Francisco",
          "en": "San Francisco",
          "es": "San Francisco",
          "fr": "San Francisco",
          "ja": "サンフランシスコ",
          "pt-BR": "São Francisco",
          "ru": "Сан-Франциско",
          "zh-CN": "旧金山"
        }
      },
      "continent": {
        "code": "NA",
        "geoname_id": 6255149,
        "names": {
          "de": "Nordamerika",
          "en": "North America",
          "es": "Norteamérica",
          "fr": "Amérique du Nord",
          "ja": "北アメリカ",
          "pt-BR": "América do Norte",
          "ru": "Северная Америка",
          "zh-CN": "北美洲"
        }
      },
      "country": {
        "geoname_id": 6252001,
        "iso_code": "US",
        "names": {
          "de": "USA",
          "en": "United States",
          "es": "Estados Unidos",
          "fr": "États-Unis",
          "ja": "アメリカ合衆国",
          "pt-BR": "Estados Unidos",
          "ru": "США",
          "zh-CN": "美国"
        }
      },
      "location": {
        "accuracy_radius": 1,
        "latitude": 37.7915,
        "longitude": -122.4089,
        "metro_code": 807,
        "time_zone": "America\/Los_Angeles"
      },
      "postal": {
        "code": "94108"
      },
      "registered_country": {
        "geoname_id": 6252001,
        "iso_code": "US",
        "names": {
          "de": "USA",
          "en": "United States",
          "es": "Estados Unidos",
          "fr": "États-Unis",
          "ja": "アメリカ合衆国",
          "pt-BR": "Estados Unidos",
          "ru": "США",
          "zh-CN": "美国"
        }
      },
      "subdivisions": [
        {
          "geoname_id": 5332921,
          "iso_code": "CA",
          "names": {
            "de": "Kalifornien",
            "en": "California",
            "es": "California",
            "fr": "Californie",
            "ja": "カリフォルニア州",
            "pt-BR": "Califórnia",
            "ru": "Калифорния",
            "zh-CN": "加利福尼亚州"
          }
        }
      ]
    }
  },
  {
    "::50.244.17.130/128": {
      "continent": {
        "code": "NA",
        "geoname_id": 6255149,
        "names": {
          "de": "Nordamerika",
          "en": "North America",
          "es": "Norteamérica",
          "fr": "Amérique du Nord",
          "ja": "北アメリカ",
          "pt-BR": "América do Norte",
          "ru": "Северная Америка",
          "zh-CN": "北美洲"
        }
      },
      "country": {
        "geoname_id": 6252001,
        "iso_code": "US",
        "names": {
          "de": "USA",
          "en": "United States",
          "es": "Estados Unidos",
          "fr": "États-Unis",
          "ja": "アメリカ合衆国",
          "pt-BR": "Estados Unidos",
          "ru": "США",
          "zh-CN": "美国"
        }
      },
      "location": {
        "accuracy_radius": 500,
        "latitude": 38.0,
        "longitude": -97.0,
        "time_zone": "America\/Chicago"
      },
      "registered_country": {
        "geoname_id": 6252001,
        "iso_code": "US",
        "names": {
          "de": "USA",
          "en": "United States",
          "es": "Estados Unidos",
          "fr": "États-Unis",
          "ja": "アメリカ合衆国",
          "pt-BR": "Estados Unidos",
          "ru": "США",
          "zh-CN": "美国"
        }
      }
    }
  },
  {
    "::173.5.0.0/112": {
      "continent": {
        "code": "NA",
        "geoname_id": 6255149,
        "names": {
          "de": "Nordamerika",
          "en": "North America",
          "es": "Norteamérica",
          "fr": "Amérique du Nord",
          "ja": "北アメリカ",
          "pt-BR": "América do Norte",
          "ru": "Северная Америка",
          "zh-CN": "北美洲"
        }
      },
      "country": {
        "geoname_id": 6252001,
        "iso_code": "US",
        "names": {
          "de": "USA",
          "en": "United States",
          "es": "Estados Unidos",
          "fr": "États-Unis",
          "ja": "アメリカ合衆国",
          "pt-BR": "Estados Unidos",
          "ru": "США",
          "zh-CN": "美国"
        }
      },
      "location": {
        "accuracy_radius": 500,
        "latitude": 38.0,
        "longitude": -97.0,
        "time_zone": "America\/Chicago"
      },
      "registered_country": {
        "geoname_id": 6252001,
        "iso_code": "US",
        "names": {
          "de": "USA",
          "en": "United States",
          "es": "Estados Unidos",
          "fr": "États-Unis",
          "ja": "アメリカ合衆国",
          "pt-BR": "Estados Unidos",
          "ru": "США",
          "zh-CN": "美国"
        }
      }
    }
  },
  {
    "::70.95.0.0/112": {
      "continent": {
        "code": "NA",
        "geoname_id": 6255149,
        "names": {
          "de": "Nordamerika",
          "en": "North America",
          "es": "Norteamérica",
          "fr": "Amérique du Nord",
          "ja": "北アメリカ",
          "pt-BR": "América do Norte",
          "ru": "Северная Америка",
          "zh-CN": "北美洲"
        }
      },
      "country": {
        "geoname_id": 6252001,
        "iso_code": "US",
        "names": {
          "de": "USA",
          "en": "United States",
          "es": "Estados Unidos",
          "fr": "États-Unis",
          "ja": "アメリカ合衆国",
          "pt-BR": "Estados Unidos",
          "ru": "США",
          "zh-CN": "美国"
        }
      },
      "location": {
        "accuracy_radius": 500,
        "latitude": 38.0,
        "longitude": -97.0,
        "time_zone": "America\/Chicago"
      },
      "registered_country": {
        "geoname_id": 6252001,
        "iso_code": "US",
        "names": {
          "de": "USA",
          "en": "United States",
          "es": "Estados Unidos",
          "fr": "États-Unis",
          "ja": "アメリカ合衆国",
          "pt-BR": "Estados Unidos",
          "ru": "США",
          "zh-CN": "美国"
        }
      }
    }
  },
  {
    "::193.159.20.129/128": {
      "continent": {
        "code": "EU",
        "geoname_id": 6255148,
        "names": {
          "de": "Europa",
          "en": "Europe",
          "es": "Europa",
          "fr": "Europe",
          "ja": "ヨーロッパ",
          "pt-BR": "Europa",
          "ru": "Европа",
          "zh-CN": "欧洲"
        }
      },
      "country": {
        "geoname_id": 2921044,
        "iso_code": "DE",
        "names": {
          "de": "Deutschland",
          "en": "Germany",
          "es": "Alemania",
          "fr": "Allemagne",
          "ja": "ドイツ連邦共和国",
          "pt-BR": "Alemanha",
          "ru": "Германия",
          "zh-CN": "德国"
        }
      },
      "location": {
        "accuracy_radius": 2000,
        "latitude": 51.0,
        "longitude": 9.0
      },
      "registered_country": {
        "geoname_id": 2921044,
        "iso_code": "DE",
        "names": {
          "de": "Deutschland",
          "en": "Germany",
          "es": "Alemania",
          "fr": "Allemagne",
          "ja": "ドイツ連邦共和国",
          "pt-BR": "Alemanha",
          "ru": "Германия",
          "zh-CN": "德国"
        }
      }
    }
  },
  {
    "::174.97.139.63/128": {
      "city": {
        "geoname_id": 4487042,
        "names": {
          "de": "Raleigh",
          "en": "Raleigh",
          "es": "Raleigh",
          "fr": "Raleigh"
        }
      },
      "continent": {
        "code": "NA",
        "geoname_id": 6255149,
        "names": {
          "de": "Nordamerika",
          "en": "North America",
          "es": "Norteamérica",
          "fr": "Amérique du Nord",
          "ja": "北アメリカ",
          "pt-BR": "América do Norte",
          "ru": "Северная Америка",
          "zh-CN": "北美洲"
        }
      },
      "country": {
        "geoname_id": 6252001,
        "iso_code": "US",
        "names": {
          "de": "USA",
          "en": "United States",
          "es": "Estados Unidos",
          "fr": "États-Unis",
          "ja": "アメリカ合衆国",
          "pt-BR": "Estados Unidos",
          "ru": "США",
          "zh-CN": "美国"
        }
      },
      "location": {
        "accuracy_radius": 1,
        "latitude": 35.772,
        "longitude": -78.639,
        "metro_code": 617,
        "time_zone": "America\/Chicago"
      },
      "registered_country": {
        "geoname_id": 6252001,
        "iso_code": "US",
        "names": {
          "de": "USA",
          "en": "United States",
          "es": "Estados Unidos",
          "fr": "États-Unis",
          "ja": "アメリカ合衆国",
          "pt-BR": "Estados Unidos",
          "ru": "США",
          "zh-CN": "美国"
        }
      },
      "subdivisions": [
        {
          "geoname_id": 5332921,
          "iso_code": "NC",
          "names": {
            "en": "North Carolina",
            "es": "Carolina del Norte",
            "fr": "Caroline du Nord",
            "ja": "ノースカロライナ州",
            "pt-BR": "Carolina do Norte",
            "ru": "Северная Каролина",
            "zh-CN": "北卡罗来纳州"
          }
        }
      ]
    }
  },
  {
    "::24.125.31.147/128": {
      "city": {
        "geoname_id": 4772566,
        "names": {
          "de": "Mechanicsville",
          "en": "Mechanicsville",
          "es": "Mechanicsville",
          "fr": "Mechanicsville",
          "pt-BR": "Mechanicsville"
        }
      },
      "continent": {
        "code": "NA",
        "geoname_id": 6255149,
        "names": {
          "de": "Nordamerika",
          "en": "North America",
          "es": "Norteamérica",
          "fr": "Amérique du Nord",
          "ja": "北アメリカ",
          "pt-BR": "América do Norte",
          "ru": "Северная Америка",
          "zh-CN": "北美洲"
        }
      },
      "country": {
        "geoname_id": 6252001,
        "iso_code": "US",
        "names": {
          "de": "USA",
          "en": "United States",
          "es": "Estados Unidos",
          "fr": "États-Unis",
          "ja": "アメリカ合衆国",
          "pt-BR": "Estados Unidos",
          "ru": "США",
          "zh-CN": "美国"
        }
      },
      "location": {
        "accuracy_radius": 200,
        "latitude": 37.613,
        "longitude": -77.256,
        "metro_code": 524,
        "time_zone": "America\/New_York"
      },
      "postal": {
        "code": "23111"
      },
      "registered_country": {
        "geoname_id": 6252001,
        "iso_code": "US",
        "names": {
          "de": "USA",
          "en": "United States",
          "es": "Estados Unidos",
          "fr": "États-Unis",
          "ja": "アメリカ合衆国",
          "pt-BR": "Estados Unidos",
          "ru": "США",
          "zh-CN": "美国"
        }
      },
      "subdivisions": [
        {
          "geoname_id": 6254928,
          "iso_code": "VA",
          "names": {
            "en": "Virginia",
            "es": "Virginia",
            "fr": "Virginia"
          }
        }
      ]
    }
  },
  {
    "::175.41.191.0/120": {
      "continent": {
        "code": "AS",
        "geoname_id": 6255147,
        "names": {
          "de": "Asien",
          "en": "Asia",
          "es": "Asia",
          "fr": "Asie",
          "ja": "アジア",
          "pt-BR": "Ásia",
          "ru": "Азия",
          "zh-CN": "亚洲"
        }
      },
      "country": {
        "geoname_id": 1880251,
        "iso_code": "SG",
        "names": {
          "de": "Singapur",
          "en": "Singapore",
          "es": "Singapur",
          "fr": "Singapour",
          "ja": "シンガポール",
          "pt-BR": "Cingapura",
          "ru": "Сингапур",
          "zh-CN": "新加坡"
        }
      },
      "location": {
        "accuracy_radius": 500,
        "latitude": 1.367,
        "longitude": 103.8002,
        "time_zone": "Asia\/Singapore"
      },
      "registered_country": {
        "geoname_id": 1880251,
        "iso_code": "SG",
        "names": {
          "de": "Singapur",
          "en": "Singapore",
          "es": "Singapur",
          "fr": "Singapour",
          "ja": "シンガポール",
          "pt-BR": "Cingapura",
          "ru": "Сингапур",
          "zh-CN": "新加坡"
        }
      }
    }
  },
  {
    "::175.41.193.0/120": {
      "continent": {
        "code": "AS",
        "geoname_id": 6255147,
        "names": {
          "de": "Asien",
          "en": "Asia",
          "es": "Asia",
          "fr": "Asie",
          "ja": "アジア",
          "pt-BR": "Ásia",
          "ru": "Азия",
          "zh-CN": "亚洲"
        }
      },
      "country": {
        "geoname_id": 1861060,
        "iso_code": "JP",
        "names": {
          "de": "Japan",
          "en": "Japan",
          "es": "Japón",
          "fr": "Japon",
          "ja": "日本",
          "pt-BR": "Japão",
          "ru": "Япония",
          "zh-CN": "日本"
        }
      },
      "location": {
        "accuracy_radius": 5000,
        "latitude": 36.0,
        "longitude": 138.0,
        "time_zone": "Asia\/Tokyo"
      },
      "registered_country": {
        "geoname_id": 1861060,
        "iso_code": "JP",
        "names": {
          "de": "Japan",
          "en": "Japan",
          "es": "Japón",
          "fr": "Japon",
          "ja": "日本",
          "pt-BR": "Japão",
          "ru": "Япония",
          "zh-CN": "日本"
        }
      }
    }
  }
]