{
    "AD": "Andorra",
    "AE": "Emirados Árabes Unidos",
    "AF": "Afeganistão",
    "AG": "Antigua e Barbuda",
    "AI": "Anguilla",
    "AL": "Albânia",
    "AM": "Armênia",
    "AO": "Angola",
    "AQ": "Antártida",
    "AR": "Argentina",
    "AS": "Samoa Americana",
    "AT": "Áustria",
    "AU": "Austrália",
    "AW": "Aruba",
    "AX": "Ilhas Aland",
    "AZ": "Azerbaijão",
    "BA": "Bósnia Herzegovina",
    "BB": "Barbados",
    "BD": "Bangladesh",
    "BE": "Bélgica",
    "BF": "Burquina Faso",
    "BG": "Bulgária",
    "BH": "Bahrein",
    "BI": "Burundi",
    "BJ": "Benin",
    "BL": "São Bartolomeu",
    "BM": "Bermudas",
    "BN": "Brunei",
    "BO": "Bolívia",
    "BQ": "Bonaire, Santo Eustáquio e Saba",
    "BR": "Brasil",
    "BS": "Bahamas",
    "BT": "Butão",
    "BV": "Ilha Bouvet",
    "BW": "Botsuana",
    "BY": "Bielorússia",
    "BZ": "Belize",
    "CA": "Canadá",
    "CC": "Ilhas Coco",
    "CD": "Congo, República Democrática do",
    "CF": "República Centro-Africana",
    "CG": "Congo",
    "CH": "Suíça",
    "CI": "Costa do Marfim",
    "CK": "Ilhas Cook",
    "CL": "Chile",
    "CM": "Camarões",
    "CN": "China",
    "CO": "Colômbia",
    "CR": "Costa Rica",
    "CU": "Cuba",
    "CV": "Cabo Verde",
    "CW": "Curaçao",
    "CX": "Ilha Christmas",
    "CY": "Chipre",
    "CZ": "República Tcheca",
    "DE": "Alemanha",
    "DJ": "Djibuti",
    "DK": "Dinamarca",
    "DM": "Dominica",
    "DO": "República Dominicana",
    "DZ": "Argélia",
    "EC": "Equador",
    "EE": "Estônia",
    "EG": "Egito",
    "EH": "Saara Ocidental",
    "ER": "Eritréia",
    "ES": "Espanha",
    "ET": "Etiópia",
    "FI": "Finlândia",
    "FJ": "Fiji",
    "FK": "Ilhas Falkland (Malvinas)",
    "FM": "Micronesia, Estados Federados da",
    "FO": "Ilhas Faroe",
    "FR": "França",
    "GA": "Gabão",
    "GB": "Reino Unido",
    "GD": "Granada",
    "GE": "Geórgia",
    "GF": "Guiana Francesa",
    "GG": "Guernsey",
    "GH": "Gana",
    "GI": "Gibraltar",
    "GL": "Groenlândia",
    "GM": "Gâmbia",
    "GN": "Guiné",
    "GP": "Guadalupe",
    "GQ": "Guiné Equatorial",
    "GR": "Grécia",
    "GS": "South Georgia e Ilhas South Sandwich",
    "GT": "Guatemala",
    "GU": "Guam",
    "GW": "Guiné-Bissau",
    "GY": "Guiana",
    "HK": "Hong Kong, Região Admin. Especial da China",
    "HM": "Ilha Heard e Ilhas McDonald",
    "HN": "Honduras",
    "HR": "Croácia",
    "HT": "Haiti",
    "HU": "Hungria",
    "ID": "Indonésia",
    "IE": "Irlanda",
    "IL": "Israel",
    "IM": "Ilha de Man",
    "IN": "Índia",
    "IO": "Território Oceânico das Índias Britânicas",
    "IQ": "Iraque",
    "IR": "Irã, República Islâmica do",
    "IS": "Islândia",
    "IT": "Itália",
    "JE": "Jersey",
    "JM": "Jamaica",
    "JO": "Jordânia",
    "JP": "Japão",
    "KE": "Quênia",
    "KG": "Kirguistão",
    "KH": "Camboja",
    "KI": "Quiribati",
    "KM": "Comores",
    "KN": "Saint Kitts e Nevis",
    "KP": "Coréia, República Democrática Popular da",
    "KR": "Coréia, República da",
    "KW": "Kuwait",
    "KY": "Ilhas Cayman",
    "KZ": "Cazaquistão",
    "LA": "Laos",
    "LB": "Líbano",
    "LC": "Santa Lúcia",
    "LI": "Liechtenstein",
    "LK": "Sri Lanka",
    "LR": "Libéria",
    "LS": "Lesoto",
    "LT": "Lituânia",
    "LU": "Luxemburgo",
    "LV": "Letônia",
    "LY": "Líbia",
    "MA": "Marrocos",
    "MC": "Mônaco",
    "MD": "Moldávia, República da",
    "ME": "Montenegro",
    "MF": "Saint Martin",
    "MG": "Madagascar",
    "MH": "Ilhas Marshall",
    "MK": "Macedônia",
    "ML": "Mali",
    "MM": "Mianmar",
    "MN": "Mongólia",
    "MO": "Macau, Região Admin. Especial da China",
    "MP": "Ilhas Marianas do Norte",
    "MQ": "Martinica",
    "MR": "Mauritânia",
    "MS": "Montserrat",
    "MT": "Malta",
    "MU": "Ilhas Maurício",
    "MV": "Maldivas",
    "MW": "Malawi",
    "MX": "México",
    "MY": "Malásia",
    "MZ": "Moçambique",
    "NA": "Namíbia",
    "NC": "Nova Caledônia",
    "NE": "Níger",
    "NF": "Ilha Norfolk",
    "NG": "Nigéria",
    "NI": "Nicarágua",
    "NL": "Holanda",
    "NO": "Noruega",
    "NP": "Nepal",
    "NR": "Nauru",
    "NU": "Niue",
    "NZ": "Nova Zelândia",
    "OM": "Omã",
    "PA": "Panamá",
    "PE": "Peru",
    "PF": "Polinésia Francesa",
    "PG": "Papua Nova Guiné",
    "PH": "Filipinas",
    "PK": "Paquistão",
    "PL": "Polônia",
    "PM": "Saint Pierre e Miquelon",
    "PN": "Pitcairn",
    "PR": "Porto Rico",
    "PS": "Território Palestino",
    "PT": "Portugal",
    "PW": "Palau",
    "PY": "Paraguai",
    "QA": "Catar",
    "RE": "Ilhas Reunião",
    "RO": "Romênia",
    "RS": "Sérvia",
    "RU": "Rússia",
    "RW": "Ruanda",
    "SA": "Arábia Saudita",
    "SB": "Ilhas Salomão",
    "SC": "Seychelles",
    "SD": "Sudão",
    "SE": "Suécia",
    "SG": "Cingapura",
    "SH": "Santa Helena",
    "SI": "Eslovênia",
    "SJ": "Svalbard",
    "SK": "Eslováquia",
    "SL": "Serra Leoa",
    "SM": "San Marino",
    "SN": "Senegal",
    "SO": "Somália",
    "SR": "Suriname",
    "SS": "Sudão do Sul",
    "ST": "São Tome e Príncipe",
    "SV": "El Salvador",
    "SX": "Saint Maarten (parte holandêsa)",
    "SY": "República Árabe da Síria",
    "SZ": "Suazilândia",
    "TC": "Ilhas Turks e Caicos",
    "TD": "Chade",
    "TF": "Territórios Franceses do Sul",
    "TG": "Togo",
    "TH": "Tailândia",
    "TI": "Tibet",
    "TJ": "Tadjiquistão",
    "TK": "Tokelau",
    "TL": "Timor Leste",
    "TM": "Turkmenistão",
    "TN": "Tunísia",
    "TO": "Tonga",
    "TR": "Turquia",
    "TT": "Trinidade e Tobago",
    "TV": "Tuvalu",
    "TW": "Taiwan",
    "TZ": "Tanzânia, República Unida da",
    "UA": "Ucrânia",
    "UG": "Uganda",
    "UM": "Ilhas Menores Distantes dos Estados Unidos",
    "US": "Estados Unidos da América",
    "UY": "Uruguai",
    "UZ": "Uzbequistão",
    "VA": "Cidade do Vaticano",
    "VC": "Saint Vincent e Grenadines",
    "VE": "Venezuela",
    "VG": "Ilhas Virgens Britânicas",
    "VI": "Ilhas Virgens Americanas",
    "VN": "Vietnã",
    "VU": "Vanuatu",
    "WF": "Wallis e Futuna",
    "WS": "Samoa",
    "YE": "Iêmen",
    "YT": "Mayotte",
    "ZA": "África do Sul",
    "ZM": "Zâmbia",
    "ZW": "Zimbabue"
}