{
    "UserCountry": {
        "Continent": "القارة",
        "continent_afr": "أفريقيا",
        "continent_amc": "أمريكا الوسطى",
        "continent_amn": "أمريكا الشمالية",
        "continent_ams": "أمريكا الجنوبية",
        "continent_ant": "أنتاركتيكا - القارة القطبية الجنوبية",
        "continent_asi": "آسيا",
        "continent_eur": "أوروبا",
        "continent_oce": "أوقيانوسيا",
        "Country": "الدولة",
        "country_a1": "بروكسي مجهول",
        "country_a2": "مزود خدمة عبر الأقمار الصناعية",
        "country_ac": "جزر آسينشن",
        "country_ad": "آندورا",
        "country_ae": "الإمارات العربية المتحدة",
        "country_af": "أفغانستان",
        "country_ag": "آنتيجوا وباربودا",
        "country_ai": "أنجيلا",
        "country_al": "آلبانيا",
        "country_am": "آرمينيا",
        "country_an": "جزر الأنتيل الهولندية",
        "country_ao": "أنجولا",
        "country_ap": "المنطقة الآسيوية\/الباسيفيكية",
        "country_aq": "القارة القطبية الجنوبية",
        "country_ar": "الأرجنتين",
        "country_as": "ساموا الأمريكية",
        "country_at": "النمسا",
        "country_au": "أستراليا",
        "country_aw": "آروبا",
        "country_ax": "جزر آلاند",
        "country_az": "أذربيجان",
        "country_ba": "البوسنة والهرسك",
        "country_bb": "باربادوس",
        "country_bd": "بنجلاديش",
        "country_be": "بلجيكا",
        "country_bf": "بوركينا فاسو",
        "country_bg": "بلغاريا",
        "country_bh": "البحرين",
        "country_bi": "بوروندي",
        "country_bj": "بنين",
        "country_bl": "سانت بارتيليمي",
        "country_bm": "برمودا",
        "country_bn": "برونيو",
        "country_bo": "بوليفيا متعددة القوميات",
        "country_bq": "بونير، وسانت اوستاتيوس سابا",
        "country_br": "البرازيل",
        "country_bs": "جزء الباهاماس",
        "country_bt": "بوتان",
        "country_bu": "بورما",
        "country_bv": "جزيرة بوفيت",
        "country_bw": "بوتسوانا",
        "country_by": "بيلاروس",
        "country_bz": "بيليز",
        "country_ca": "كندا",
        "country_cat": "المجتمعات الناطقة بالكاتالانية",
        "country_cc": "جزر كوكوس - كيلينج",
        "country_cd": "جمهورية الكونجو الديمقراطية",
        "country_cf": "جمهورية أفريقيا الوسطى",
        "country_cg": "الكونجو",
        "country_ch": "سويسرا",
        "country_ci": "ساحل العاج",
        "country_ck": "جزر كوك",
        "country_cl": "تشيلي",
        "country_cm": "كاميرون",
        "country_cn": "الصين",
        "country_co": "كولومبيا",
        "country_cp": "جزيرة كليبرتون",
        "country_cr": "كوستا ريكا",
        "country_cs": "صربيا والجبل الأسود",
        "country_cu": "كوبا",
        "country_cv": "الرأس الأخضر",
        "country_cw": "كوراساو",
        "country_cx": "جزيرة كريسماس",
        "country_cy": "قبرص",
        "country_cz": "جمهورية التشيك",
        "country_de": "ألمانيا",
        "country_dg": "دييغو جارسيا",
        "country_dj": "جيبوتي",
        "country_dk": "الدنمارك",
        "country_dm": "دومينيكا",
        "country_do": "جمهورية الدومينيكان",
        "country_dz": "الجزائر",
        "country_ea": "سبتا مليلة",
        "country_ec": "الإكوادور",
        "country_ee": "إستونيا",
        "country_eg": "مصر",
        "country_eh": "الصحراء الغربية",
        "country_er": "إريتريا",
        "country_es": "أسبانيا",
        "country_et": "أثيوبيا",
        "country_eu": "الاتحاد الأوروبي",
        "country_fi": "فنلندا",
        "country_fj": "فيجي",
        "country_fk": "جزر فوكلاند - مالفيناس",
        "country_fm": "ولايات ميكرونيزيا الاتحادية",
        "country_fo": "جزر فارو",
        "country_fr": "فرنسا",
        "country_fx": "فرنسا - متروبوليتان",
        "country_ga": "الجابون",
        "country_gb": "المملكة المتحدة - بريطانيا",
        "country_gd": "جرينادا",
        "country_ge": "جيورجيا",
        "country_gf": "جيانا الفرنسية",
        "country_gg": "غيرنسي",
        "country_gh": "غانا",
        "country_gi": "جبل طارق",
        "country_gl": "جرين لاند",
        "country_gm": "غامبيا",
        "country_gn": "غينيا",
        "country_gp": "غواديلوب",
        "country_gq": "غينيا الاستوائية",
        "country_gr": "اليونان",
        "country_gs": "جورجيا الجنوبية وجزء ساندويتش الجنوبية",
        "country_gt": "جواتيمالا",
        "country_gu": "غوام",
        "country_gw": "غينيا بيساو",
        "country_gy": "غيانا",
        "country_hk": "هونج كونج",
        "country_hm": "جزيرة هيرد وجزر ماكدونالد",
        "country_hn": "هندوراس",
        "country_hr": "كرواتيا",
        "country_ht": "هاييتي",
        "country_hu": "هنغاريا",
        "country_ic": "جزر الكناري",
        "country_id": "إندونيسيا",
        "country_ie": "أيرلندا",
        "country_il": "إسرائيل",
        "country_im": "جزيرة مان",
        "country_in": "الهند",
        "country_io": "إقليم المحيط الهندي البريطاني",
        "country_iq": "العراق",
        "country_ir": "جمهورية إيران الإسلامية",
        "country_is": "آيسلندا",
        "country_it": "إيطاليا",
        "country_je": "جيرسي",
        "country_jm": "جامايكا",
        "country_jo": "الأردن",
        "country_jp": "اليابان",
        "country_ke": "كينيا",
        "country_kg": "قيرغيزستان",
        "country_kh": "كمبوديا",
        "country_ki": "كيريباتي",
        "country_km": "جزر القمر",
        "country_kn": "سانت كيتس ونيفيس",
        "country_kp": "جمهورية كوريا الشعبية الديمقراطية",
        "country_kr": "جمهورية كوريا",
        "country_kw": "الكويت",
        "country_ky": "جزر كايمن",
        "country_kz": "كازاخستان",
        "country_la": "لاوس",
        "country_lb": "لبنان",
        "country_lc": "ساينت لوسيا",
        "country_li": "ليختنشتاين",
        "country_lk": "سريلانكا",
        "country_lr": "ليبريا",
        "country_ls": "ليسوتو",
        "country_lt": "ليتوانيا",
        "country_lu": "لوكسمبورغ",
        "country_lv": "لاتفيا",
        "country_ly": "الجماهيرية العربية الليبية",
        "country_ma": "المغرب",
        "country_mc": "موناكو",
        "country_md": "مولدوفا",
        "country_me": "الجبل الأسود",
        "country_mf": "ساينت مارتين",
        "country_mg": "مدغشقر",
        "country_mh": "جزر مارشال",
        "country_mk": "مقدونيا",
        "country_ml": "مالي",
        "country_mm": "ميانمار",
        "country_mn": "مونغوليا",
        "country_mo": "ماكاو",
        "country_mp": "جزر ماريانا الشمالية",
        "country_mq": "مارتينيك",
        "country_mr": "موريتانيا",
        "country_ms": "مونتسيرات",
        "country_mt": "مالطا",
        "country_mu": "موريشيوس",
        "country_mv": "مالاديف",
        "country_mw": "مالاوي",
        "country_mx": "المسكيك",
        "country_my": "ماليزيا",
        "country_mz": "موزمبيق",
        "country_na": "ناميبيا",
        "country_nc": "كاليدونيا الجديدة",
        "country_ne": "النيجر",
        "country_nf": "جزيرة نورفولك",
        "country_ng": "نيجيريا",
        "country_ni": "نيكاراجوا",
        "country_nl": "هولندا",
        "country_no": "النرويج",
        "country_np": "نيبال",
        "country_nr": "ناورو",
        "country_nt": "منطقة محايدة",
        "country_nu": "نيوي",
        "country_nz": "نيوزيلندا",
        "country_o1": "دولة أخرى",
        "country_om": "عمان",
        "country_pa": "بنما",
        "country_pe": "بيرو",
        "country_pf": "بولينيزيا الفرنسية",
        "country_pg": "بابوا غينيا الجديدة",
        "country_ph": "الفلبين",
        "country_pk": "باكستان",
        "country_pl": "بولندا",
        "country_pm": "سان بيار وميكلون",
        "country_pn": "بيتكيرن",
        "country_pr": "بورت ريكو",
        "country_ps": "الأراضي الفلسطينية المحتلة",
        "country_pt": "البرتغال",
        "country_pw": "بالاو",
        "country_py": "البارجواي",
        "country_qa": "قطر",
        "country_re": "جزيرة ريونيون",
        "country_ro": "رومانيا",
        "country_rs": "الصرب",
        "country_ru": "الاتحاد الروسي",
        "country_rw": "رواندا",
        "country_sa": "المملكة العربية السعودية",
        "country_sb": "جزر سليمان",
        "country_sc": "سيشيل",
        "country_sd": "السودان",
        "country_se": "السويد",
        "country_sf": "فنلندا",
        "country_sg": "سنغافورة",
        "country_sh": "ساينت هيلانة وتريستان دا كونيا",
        "country_si": "سلوفينيا",
        "country_sj": "سفالبارد",
        "country_sk": "سلوفاكيا",
        "country_sl": "سيراليون",
        "country_sm": "سان مارينو",
        "country_sn": "السنغال",
        "country_so": "الصومال",
        "country_sr": "سورينام",
        "country_ss": "جنوب السودان",
        "country_st": "ساو تومي وبرينسيبي",
        "country_su": "الاتحاد السوفييتي القديم",
        "country_sv": "السلفادور",
        "country_sx": "ساينت مارتن",
        "country_sy": "الجمهورية العربية السورية",
        "country_sz": "سوازيلاند",
        "country_ta": "تريستان دا كونها",
        "country_tc": "جزر كايكوس وتركس",
        "country_td": "تشاد",
        "country_tf": "الأقاليم الفرنسية الجنوبية",
        "country_tg": "توجو",
        "country_th": "تايلاند",
        "country_tj": "طاجكستان",
        "country_tk": "توكيلاو",
        "country_tl": "تيمور الشرقية",
        "country_tm": "تركمنستان",
        "country_tn": "تونس",
        "country_to": "تونجا",
        "country_tp": "تيمور الشرقية",
        "country_tr": "تركيا",
        "country_tt": "ترينيداد وتوباغو",
        "country_tv": "توفالو",
        "country_tw": "تايوان",
        "country_tz": "جمهورية تنزانيا الاتحادية",
        "country_ua": "أوكرانيا",
        "country_ug": "أوغندا",
        "country_uk": "المملكة المتحدة",
        "country_um": "جزر الولايات المتحدة الصغيرة النائية",
        "country_us": "الولايات المتحدة الأمريكية",
        "country_uy": "يوروغواي",
        "country_uz": "أوزباكستان",
        "country_va": "مدينة الفاتيكان",
        "country_vc": "سانت فنسنت وغرينادين",
        "country_ve": "جمهورية فنزويلا البوليفارية",
        "country_vg": "جزر فيرجين البريطانية",
        "country_vi": "جزر فيرجين الأمريكية",
        "country_vn": "فييتنام",
        "country_vu": "فانواتو",
        "country_wf": "واليس وفوتونا",
        "country_ws": "ساموا",
        "country_ye": "اليمن",
        "country_yt": "مايوت",
        "country_yu": "يوغوسلافيا",
        "country_za": "أفريقيا الجنوبية",
        "country_zm": "زامبيا",
        "country_zr": "زائير",
        "country_zw": "زيمبابوي",
        "DistinctCountries": "%s دولة بارزة",
        "Location": "المكان",
        "PluginDescription": "تقارير دول الزوار",
        "SubmenuLocations": "الأماكن"
    }
}