{
    "UserCountry": {
        "Continent": "კონტინენტი",
        "continent_afr": "აფრიკა",
        "continent_amc": "ცენტრალური ამერიკა",
        "continent_amn": "ჩრდილო ამერიკა",
        "continent_ams": "სამხრეთ ამერიკა",
        "continent_ant": "ანტარქტიკა",
        "continent_asi": "აზია",
        "continent_eur": "ევროპა",
        "continent_oce": "ოკეანეთი",
        "Country": "ქვეყანა",
        "country_a1": "ანონიმური პროქსი",
        "country_a2": "სატელიტური პროვაიდერი",
        "country_ac": "ამაღლების კუნძულები",
        "country_ad": "ანდორა",
        "country_ae": "არაბთა გაერთიანებული ემირატები",
        "country_af": "ავღანეთი",
        "country_ag": "ანტიგუა და ბარბუდა",
        "country_ai": "ანგუილა",
        "country_al": "ალბანეთი",
        "country_am": "სომხეთი",
        "country_an": "ჰოლანდიის ანტილები",
        "country_ao": "ანგოლა",
        "country_ap": "აზია\/აფრიკის რეგიონი",
        "country_aq": "ანტარქტიკა",
        "country_ar": "არგენტინა",
        "country_as": "ამერიკული სამოა",
        "country_at": "ავსტრია",
        "country_au": "ავსტრალია",
        "country_aw": "არუბა",
        "country_ax": "ალანდის კუნძულები",
        "country_az": "აზერბაიჯანი",
        "country_ba": "ბოსნია და ჰერცოგოვინა",
        "country_bb": "ბარბადოსი",
        "country_bd": "ბანგლადეში",
        "country_be": "ბელგია",
        "country_bf": "ბურკინა ფასო",
        "country_bg": "ბულგარეთი",
        "country_bh": "ბაჰრეინი",
        "country_bi": "ბურუნდი",
        "country_bj": "ბენინი",
        "country_bl": "წმინდა ბართლომე",
        "country_bm": "ბერმუდა",
        "country_bn": "ბრუნეო",
        "country_bo": "ბოლივია, პლურინაციონალური სახელმწიფო",
        "country_bq": "კარიბის ნიდერლანდები",
        "country_br": "ბრაზილია",
        "country_bs": "ბაჰამა",
        "country_bt": "ბუტანი",
        "country_bu": "ბურმა",
        "country_bv": "ბუვეტის კუნძული",
        "country_bw": "ბოცვანა",
        "country_by": "ბელორუსია",
        "country_bz": "ბელიზი",
        "country_ca": "კანადა",
        "country_cc": "ქოქოსის (კელინის) კუნძულები",
        "country_cd": "კონგო, დემოკრატიული რესპუბლიკა",
        "country_cf": "ცენტრალური აფრიკის რესპუბლიკა",
        "country_cg": "კონგო",
        "country_ch": "შვეიცარია",
        "country_ci": "კოტ დევუარი",
        "country_ck": "კუკის კუნძულები",
        "country_cl": "ჩილე",
        "country_cm": "კამერუნი",
        "country_cn": "ჩინეთი",
        "country_co": "კოლუმბია",
        "country_cp": "კლიპერტონის კუნძული",
        "country_cr": "კოსტა რიკა",
        "country_cs": "სერბეთი მონტენეგრო",
        "country_cu": "კუბა",
        "country_cv": "კაბო–ვერდე",
        "country_cw": "კიურასაო",
        "country_cx": "შობის კუნძული",
        "country_cy": "კვიპროსი",
        "country_cz": "ჩეხეთის რესპუბლიკა",
        "country_de": "გერმანია",
        "country_dg": "დიეგო გარსია",
        "country_dj": "ჯიბუტი",
        "country_dk": "დანია",
        "country_dm": "დომინიკა",
        "country_do": "დომინიკის რესპუბლიკა",
        "country_dz": "ალჟირი",
        "country_ea": "სეუტა, მალილა",
        "country_ec": "ეკვადორი",
        "country_ee": "ესტონეთი",
        "country_eg": "ეგვიპტე",
        "country_eh": "დასავლეთ საჰარა",
        "country_er": "ერიტრეა",
        "country_es": "ესპანეთი",
        "country_et": "ეთიოპია",
        "country_eu": "ევროპის კავშირი",
        "country_fi": "ფინეთი",
        "country_fj": "ფიჯი",
        "country_fk": "ფოლკლენდის კუნძულები (მალვინას)",
        "country_fm": "მიკრნესია, ფედერალური სახელმწიფოები",
        "country_fo": "ფაროს კუნძულები",
        "country_fr": "საფრანგეთი",
        "country_fx": "საფრანგეთი, მეტროპოლიტენი",
        "country_ga": "გაბონი",
        "country_gb": "გაერთიანებული სამეფო",
        "country_gd": "გრენადა",
        "country_ge": "საქართველო",
        "country_gf": "საფრანგეთის გუანა",
        "country_gg": "გერნსი",
        "country_gh": "განა",
        "country_gi": "გიბრალტარი",
        "country_gl": "გრელანდია",
        "country_gm": "გამბია",
        "country_gn": "გვინეა",
        "country_gp": "გვადელუპე",
        "country_gq": "ეკვატორული გვინეა",
        "country_gr": "საბერძნეთი",
        "country_gs": "სამხრეთ ჯორჯია და სამხრეთ სენდვიჩის კუნძულები",
        "country_gt": "გვატემალა",
        "country_gu": "გუამი",
        "country_gw": "გვინეა–ბისაუ",
        "country_gy": "გვიანა",
        "country_hk": "ჰონგ კონგი",
        "country_hm": "ჰერდის კუნძული და მაკდონალდის კუნძულები",
        "country_hn": "ჰონდურასი",
        "country_hr": "ხორვატია",
        "country_ht": "ჰაიტი",
        "country_hu": "უნგრეთი",
        "country_ic": "კანარის კუნძულები",
        "country_id": "ინდონეზია",
        "country_ie": "ირლანდია",
        "country_il": "ისრაელი",
        "country_im": "მენის კუნძული",
        "country_in": "ინდოეთი",
        "country_io": "ბრიტანეთის ინდოეთის ოკეანის კუნძულები",
        "country_iq": "ერაყი",
        "country_ir": "ირანი, ისლამური რესპუბლიკა",
        "country_is": "ისლანდია",
        "country_it": "იტალია",
        "country_je": "ჯერსი",
        "country_jm": "იამაიკა",
        "country_jo": "იორდანია",
        "country_jp": "იაპონია",
        "country_ke": "კენია",
        "country_kg": "ყირგიზეთი",
        "country_kh": "კამბოჯა",
        "country_ki": "კირიბატი",
        "country_km": "კომოროსი",
        "country_kn": "წმინდა კიტის და ნევისი",
        "country_kp": "კორეა, სახალხო დემოკრატიული რესპუბლიკა",
        "country_kr": "კორეა, რესპუბლიკა",
        "country_kw": "კუვეიტი",
        "country_ky": "კაიმანის კუნძულები",
        "country_kz": "ყაზახეთი",
        "country_la": "ლაოსი",
        "country_lb": "ლებანი",
        "country_lc": "სენტ ლუცია",
        "country_li": "ლიხენშტეინი",
        "country_lk": "შრი ლანკა",
        "country_lr": "ლიბერია",
        "country_ls": "ლესოტო",
        "country_lt": "ლიტვია",
        "country_lu": "ლუქსემბურგი",
        "country_lv": "ლატვია",
        "country_ly": "ლიბიის არაბთა ჯამაჰირია",
        "country_ma": "მაროკო",
        "country_mc": "მონაკო",
        "country_md": "მოლდოვა",
        "country_me": "მონტენეგრო",
        "country_mf": "წმინდა მარტინი",
        "country_mg": "მადაგასკარი",
        "country_mh": "მარშალის კუნძულები",
        "country_mk": "მაკედონია",
        "country_ml": "მალი",
        "country_mm": "მიანმარი",
        "country_mn": "მონღოლეთი",
        "country_mo": "მაკაუ",
        "country_mp": "ჩრდილო მარიანის კუნძულები",
        "country_mq": "მარტინიკა",
        "country_mr": "მავრიტანია",
        "country_ms": "მონსერატი",
        "country_mt": "მალტა",
        "country_mu": "მაურიტია",
        "country_mv": "მალდივები",
        "country_mw": "მალავი",
        "country_mx": "მექსიკა",
        "country_my": "მალაიზია",
        "country_mz": "მოზამბიკი",
        "country_na": "ნამიბია",
        "country_nc": "ახალი კალედონია",
        "country_ne": "ნიგერი",
        "country_nf": "ნორფიკის კუნძული",
        "country_ng": "ნიგერია",
        "country_ni": "ნიკარაგუა",
        "country_nl": "ჰოლანდია",
        "country_no": "ნორვეგია",
        "country_np": "ნეპალი",
        "country_nr": "ნაურუ",
        "country_nt": "ნეიტრალური ზონა",
        "country_nu": "ნიუე",
        "country_nz": "ახალი ზელანდია",
        "country_o1": "სხვა ქვეყანა",
        "country_om": "ომანი",
        "country_pa": "პანამა",
        "country_pe": "პერუ",
        "country_pf": "ფრანგული პოლინეზია",
        "country_pg": "პაპუა ახალი გვინეა",
        "country_ph": "ფილიპინები",
        "country_pk": "პაკისტანი",
        "country_pl": "პოლონეთი",
        "country_pm": "წმინდა პიერი და მიქელონი",
        "country_pn": "პიტკაირნი",
        "country_pr": "პუერტო რიკო",
        "country_ps": "პალესტინის ტერიტორია, ოკუპირებული",
        "country_pt": "პორტუგალია",
        "country_pw": "პალაუ",
        "country_py": "პარაგვაი",
        "country_qa": "კატარი",
        "country_re": "შეერთების კუნძული",
        "country_ro": "რუმინეთი",
        "country_rs": "სერბეთი",
        "country_ru": "რუსეთის ფედერაცია",
        "country_rw": "რუანდა",
        "country_sa": "საუდის არაბეთი",
        "country_sb": "სოლომონის კუნძულები",
        "country_sc": "სეიშელები",
        "country_sd": "სუდანი",
        "country_se": "შვედეთი",
        "country_sf": "ფინეთი",
        "country_sg": "სინგაპური",
        "country_sh": "წმინდა ელენა, ამაღლება და ტრისტანი და კუნჰა",
        "country_si": "სლოვენია",
        "country_sj": "სვალბარდი",
        "country_sk": "სლოვაკეთი",
        "country_sl": "სიერა ლეონე",
        "country_sm": "სან მარინო",
        "country_sn": "სენეგალი",
        "country_so": "სომალი",
        "country_sr": "სურინამი",
        "country_ss": "სამხრეთი სუდანი",
        "country_st": "საო ტომი და პრინსიპი",
        "country_su": "ყოფილი სსრკ",
        "country_sv": "ეს სალვადორი",
        "country_sx": "სინტ-მარტენი",
        "country_sy": "სირიის არაბთა რესპუბლიკა",
        "country_sz": "სვაზილენდი",
        "country_ta": "ტრისტანი და კუნჰა",
        "country_tc": "ტურკსი და ჩაიკოს კუნძულები",
        "country_td": "ჩადი",
        "country_tf": "საფრანგეთის სამხრეთ ტერიტორიები",
        "country_tg": "ტოგო",
        "country_th": "ტაილანდი",
        "country_tj": "ტაჯიკეთი",
        "country_tk": "ტოკელაუ",
        "country_tl": "აღმოსავლეთ ტიმორი",
        "country_tm": "თურქმენეთი",
        "country_tn": "ტუნისი",
        "country_to": "ტონგა",
        "country_tp": "აღმოსავლეთ ტიმორი",
        "country_tr": "თურქეთი",
        "country_tt": "ტრინიდადი და ტობაგო",
        "country_tv": "ტუვალუ",
        "country_tw": "ტაივანი",
        "country_tz": "ტანზანია, გაერთიანებული რესპუბლიკა",
        "country_ua": "უკრაინა",
        "country_ug": "უგანდა",
        "country_uk": "გაერთიანებული სამეფო",
        "country_um": "შეერთებული შტატების მცირე დაშორებული კუნძულები",
        "country_us": "შეერთებული შტატები",
        "country_uy": "ურუგვაი",
        "country_uz": "უზბეკეთი",
        "country_va": "ქალაქი ვატიკანი",
        "country_vc": "წმინდა ვინსენტი და გრენადინი",
        "country_ve": "ვენესუაელა, ბოლივიის რესპუბლიკა",
        "country_vg": "ვირჯინის კუნძულები, ბრიტანეთის",
        "country_vi": "ვირჯინის კუნძულები, აშ",
        "country_vn": "ვიეტნამი",
        "country_vu": "ვანუატუ",
        "country_wf": "უელსი და ფუტუნა",
        "country_ws": "სამოა",
        "country_ye": "იემენი",
        "country_yt": "მაიოტი",
        "country_yu": "იუგოსლავია",
        "country_za": "სამხრეთ აფრიკა",
        "country_zm": "ზამბია",
        "country_zr": "ზაირი",
        "country_zw": "ზიმბაბვე",
        "DistinctCountries": "%s განსხვავებული ქვეყანა",
        "Location": "მდებარეობა",
        "PluginDescription": "ვიზიტორების ქვეყნის რეპორტი",
        "SubmenuLocations": "მდებარეობები"
    }
}