{
    "UserCountry": {
        "Continent": "Continente",
        "continent_afr": "África",
        "continent_amc": "América Central",
        "continent_amn": "América do Norte",
        "continent_ams": "América do Sul e Central",
        "continent_ant": "Antártica",
        "continent_asi": "Ásia",
        "continent_eur": "Europa",
        "continent_oce": "Oceânia",
        "Country": "País",
        "country_a1": "Proxy anónimo",
        "country_a2": "Fornecedor Satélite",
        "country_ac": "Ilhas Ascension",
        "country_ad": "Andorra",
        "country_ae": "Emirados Árabes Unidos",
        "country_af": "Afeganistão",
        "country_ag": "Antigua and Barbuda",
        "country_ai": "Anguilha",
        "country_al": "Albânia",
        "country_am": "Arménia",
        "country_an": "Antilhas Holandesas",
        "country_ao": "Angola",
        "country_ap": "Região Asia\/Pacífico",
        "country_aq": "Antárctica",
        "country_ar": "Argentina",
        "country_as": "American Samoa",
        "country_at": "Áustria",
        "country_au": "Austrália",
        "country_aw": "Aruba",
        "country_ax": "Ilhas Aland",
        "country_az": "Azerbaijão",
        "country_ba": "Bósnia e Herzegovina",
        "country_bb": "Barbados",
        "country_bd": "Bangladesh",
        "country_be": "Bélgica",
        "country_bf": "Burquina Faso",
        "country_bg": "Bulgária",
        "country_bh": "Bahrain",
        "country_bi": "Burúndi",
        "country_bj": "Benim",
        "country_bl": "São Bartolomeu",
        "country_bm": "Bermudas",
        "country_bn": "Bruneo",
        "country_bo": "Bolívia",
        "country_bq": "Bonaire , Santo Eustáquio e Saba",
        "country_br": "Brasil",
        "country_bs": "Bahamas",
        "country_bt": "Butano",
        "country_bu": "Birmânia",
        "country_bv": "Ilha Bouvet",
        "country_bw": "Botswana",
        "country_by": "Bielorrússia",
        "country_bz": "Belize",
        "country_ca": "Canadá",
        "country_cat": "Comunidades língua Catalã",
        "country_cc": "Ilhas Cocos (Keeling)",
        "country_cd": "Congo, República Democrática do",
        "country_cf": "República Central Africana",
        "country_cg": "Congo",
        "country_ch": "Suíça",
        "country_ci": "Costa do Marfim",
        "country_ck": "Ilhas Cook",
        "country_cl": "Chile",
        "country_cm": "Camarões",
        "country_cn": "China",
        "country_co": "Colômbia",
        "country_cp": "Ilha Clipperton",
        "country_cr": "Costa Rica",
        "country_cs": "Sérvia e Montenegro",
        "country_cu": "Cuba",
        "country_cv": "Cabo Verde",
        "country_cw": "Curaçao",
        "country_cx": "Ilha Christmas",
        "country_cy": "Chipre",
        "country_cz": "República Checa",
        "country_de": "Alemanha",
        "country_dg": "Diego Garcia",
        "country_dj": "Djibouti",
        "country_dk": "Dinamarca",
        "country_dm": "Domínica",
        "country_do": "Dominican Republic",
        "country_dz": "Argélia",
        "country_ea": "Ceuta, Melilla",
        "country_ec": "Equador",
        "country_ee": "Estónia",
        "country_eg": "Egipto",
        "country_eh": "Sahara Ocidental",
        "country_er": "Eritreia",
        "country_es": "Espanha",
        "country_et": "Etiópia",
        "country_eu": "União Europeia",
        "country_fi": "Finlândia",
        "country_fj": "Fiji",
        "country_fk": "Ilhas Falkland (Malvinas)",
        "country_fm": "Micronésia, Estados Federados da",
        "country_fo": "Ilhas Faroe",
        "country_fr": "França",
        "country_fx": "França Metropolitana",
        "country_ga": "Gabão",
        "country_gb": "Grã Bretanha",
        "country_gd": "Grenada",
        "country_ge": "Geórgia",
        "country_gf": "Guiana Francesa",
        "country_gg": "Guernsey",
        "country_gh": "Gana",
        "country_gi": "Gibraltar",
        "country_gl": "Gronelândia",
        "country_gm": "Gâmbia",
        "country_gn": "Guiné",
        "country_gp": "Guadalupe",
        "country_gq": "Guiné Equatorial",
        "country_gr": "Grécia",
        "country_gs": "Ilhas Geórgia do Sul e Sandwich do Sul",
        "country_gt": "Guatemala",
        "country_gu": "Guam",
        "country_gw": "Guiné-Bissau",
        "country_gy": "Guiana",
        "country_hk": "Hong Kong",
        "country_hm": "Ilha Heard e Ilhas McDonald",
        "country_hn": "Honduras",
        "country_hr": "Croácia",
        "country_ht": "Haiti",
        "country_hu": "Hungria",
        "country_ic": "Ilhas Canárias",
        "country_id": "Indonésia",
        "country_ie": "Irlanda",
        "country_il": "Israel",
        "country_im": "Ilha Man",
        "country_in": "Índia",
        "country_io": "Território Britânico do Oceano Índico",
        "country_iq": "Iraque",
        "country_ir": "Irão, República Islâmica do",
        "country_is": "Islândia",
        "country_it": "Itália",
        "country_je": "Jersey",
        "country_jm": "Jamaica",
        "country_jo": "Jordan",
        "country_jp": "Japão",
        "country_ke": "Quénia",
        "country_kg": "Quirguistão",
        "country_kh": "Cambodja",
        "country_ki": "Quiribati",
        "country_km": "Comores",
        "country_kn": "São Cristóvão e Nevis",
        "country_kp": "Coreia, República Popular Democrática da",
        "country_kr": "Coreia, República de",
        "country_kw": "Kuwait",
        "country_ky": "Ilhas Cayman",
        "country_kz": "Cazaquistão",
        "country_la": "Laos",
        "country_lb": "Líbano",
        "country_lc": "Santa Lúcia",
        "country_li": "Liechtenstein",
        "country_lk": "Sri Lanka",
        "country_lr": "Libéria",
        "country_ls": "Lesoto",
        "country_lt": "Lituânia",
        "country_lu": "Luxemburgo",
        "country_lv": "Letónia",
        "country_ly": "Líbia",
        "country_ma": "Marrocos",
        "country_mc": "Mónaco",
        "country_md": "Moldávia, República da",
        "country_me": "Montenegro",
        "country_mf": "São Martinho",
        "country_mg": "Madagáscar",
        "country_mh": "Ilhas Marshall",
        "country_mk": "Macedónia",
        "country_ml": "Mali",
        "country_mm": "Mianmar",
        "country_mn": "Mongólia",
        "country_mo": "Macau",
        "country_mp": "Ilhas Marianas do Norte",
        "country_mq": "Martinique",
        "country_mr": "Mauritânia",
        "country_ms": "Montserrat",
        "country_mt": "Malta",
        "country_mu": "Maurício",
        "country_mv": "Maldivas",
        "country_mw": "Malawi",
        "country_mx": "México",
        "country_my": "Malásia",
        "country_mz": "Moçambique",
        "country_na": "Namíbia",
        "country_nc": "New Caledonia",
        "country_ne": "Níger",
        "country_nf": "Ilha Norfolk",
        "country_ng": "Nigéria",
        "country_ni": "Nicarágua",
        "country_nl": "Holanda",
        "country_no": "Noruega",
        "country_np": "Nepal",
        "country_nr": "Nauru",
        "country_nt": "Zona Neutra",
        "country_nu": "Niue",
        "country_nz": "Nova Zelândia",
        "country_o1": "Outro País",
        "country_om": "Oman",
        "country_pa": "Panamá",
        "country_pe": "Peru",
        "country_pf": "Polinésia Francesa",
        "country_pg": "Papua Nova Guiné",
        "country_ph": "Filipinas",
        "country_pk": "Paquistão",
        "country_pl": "Polónia",
        "country_pm": "São Pedro e Miquelão",
        "country_pn": "Pitcairn",
        "country_pr": "Porto Rico",
        "country_ps": "Território Palestino",
        "country_pt": "Portugal",
        "country_pw": "Palau",
        "country_py": "Paraguai",
        "country_qa": "Catar",
        "country_re": "Ilha Reunião",
        "country_ro": "Roménia",
        "country_rs": "Sérvia",
        "country_ru": "Rússia",
        "country_rw": "Ruanda",
        "country_sa": "Arábia Saudita",
        "country_sb": "Ilhas Solomon",
        "country_sc": "Seychelles",
        "country_sd": "Sudão",
        "country_se": "Suécia",
        "country_sf": "Finlândia",
        "country_sg": "Singapura",
        "country_sh": "Santa Helena",
        "country_si": "Eslovénia",
        "country_sj": "Esvalbarda",
        "country_sk": "Eslováquia",
        "country_sl": "Serra Leoa",
        "country_sm": "San Marino",
        "country_sn": "Senegal",
        "country_so": "Somália",
        "country_sr": "Suriname",
        "country_ss": "Sudão do Sul",
        "country_st": "São Tomé e Príncipe",
        "country_su": "União Soviética",
        "country_sv": "El Salvador",
        "country_sx": "São Martinho",
        "country_sy": "Síria, República Árabe da",
        "country_sz": "Suazilândia",
        "country_ta": "Tristão da Cunha",
        "country_tc": "Ilhas Turks e Caicos",
        "country_td": "Chade",
        "country_tf": "Territórios Franceses do Sul",
        "country_tg": "Togo",
        "country_th": "Tailândia",
        "country_tj": "Tajiquistão",
        "country_tk": "Tokelau",
        "country_tl": "Timor Leste",
        "country_tm": "Turcomenistão",
        "country_tn": "Tunísia",
        "country_to": "Tonga",
        "country_tp": "Timor Leste",
        "country_tr": "Turquia",
        "country_tt": "Trinidade e Tobago",
        "country_tv": "Tuvalu",
        "country_tw": "Taiwan",
        "country_tz": "Tanzânia, República Unida da",
        "country_ua": "Ucrânia",
        "country_ug": "Uganda",
        "country_uk": "Reino Unido",
        "country_um": "Estados Unidos, Ilhas Menores Distantes dos",
        "country_us": "Estados Unidos",
        "country_uy": "Uruguai",
        "country_uz": "Uzbequistão",
        "country_va": "Cidade do Vaticano",
        "country_vc": "São Vicente e Granadinas",
        "country_ve": "Venezuela",
        "country_vg": "Ilhas Virgens Britânicas",
        "country_vi": "Ilhas Virgens Americanas",
        "country_vn": "Vietname",
        "country_vu": "Vanuatu",
        "country_wf": "Wallis e Futuna",
        "country_ws": "Samoa",
        "country_ye": "Iémen",
        "country_yt": "Mayotte",
        "country_yu": "Jugoslávia",
        "country_za": "áfrica do Sul",
        "country_zm": "Zâmbia",
        "country_zr": "Zaire",
        "country_zw": "Zimbabué",
        "DistinctCountries": "%s países distintos",
        "Location": "Localização",
        "PluginDescription": "Relata o País dos visitantes.",
        "SubmenuLocations": "Localizações"
    }
}